department,focus_group,expectations,source,sentiment,Category,Category_Method,Category_Confidence
BAA,BAA ALJs,"Allow date, user to propagate",worksheet,positive,Scheduling & Resource Management,keyword_semantic_agree,2.146408349275589
BAA,BAA ALJs,Easier navigation,worksheet,negative,User Experience & Performance,keyword_semantic_agree,3.1860387474298477
BAA,BAA ALJs,Streamlined data input,worksheet,positive,Data Management & Visibility,keyword_low,2.0
BAA,BAA ALJs,Up front learning curve should be easier,worksheet,positive,Training & Documentation,semantic_fallback,0.21176983416080475
BAA,BAA ALJs,Centralized dropdown like AIMS: Owner to properties to cases to violations,worksheet,negative,Case Management,keyword_semantic_agree,10.311133354902267
BAA,BAA ALJs,Case -> violations number (drop down but searchable by violation number),worksheet,negative,Case Management,keyword_semantic_agree,8.372116595506668
BAA,BAA ALJs,Autogenerate common decisions with and edit feature,worksheet,positive,Reporting & Decision Support,keyword_low,2.0
BAA,BAA ALJs,"Overview page: violation issued, violation status, date resolve",worksheet,negative,Reporting & Decision Support,semantic,0.3792029023170471
BAA,BAA ALJs,Property sold but sometimes don't open violations disappear. Gets confusing with new names and new citations same violations,worksheet,negative,Case Management,keyword,6.0
BAA,BAA ALJs,Payments tab should include a tracker like AIMS showing the changes and why (comment) and by which user,worksheet,positive,User Experience & Performance,keyword,5.0
BAA,BAA ALJs,Tracking with USPS tracking number -? A way too automatically do this,worksheet,negative,Records & Document Management,semantic_fallback,0.1888921856880188
BAA,BAA ALJs,Instead of having to download emails and manually uploading them -> drag and drop for attachments,worksheet,negative,Records & Document Management,keyword_semantic_agree,4.197554513812065
BAA,BAA ALJs,Built-in recording system – automatic,worksheet,negative,Records & Document Management,keyword_semantic_agree,3.290817677974701
BAA,BAA ALJs,Application for codes to input information immediately.,worksheet,negative,Data Management & Visibility,keyword_low,3.0
BAA,BAA ALJs,An adjudication specific module,worksheet,negative,User Experience & Performance,keyword,4.0
BAA,BAA ALJs,Better designation of fines / fees and which violation it is associated with,worksheet,positive,Workflow & Business Processes,keyword,6.0
BAA,BAA ALJs,Better layout and more intuitive UI,worksheet,positive,User Experience & Performance,keyword_semantic_agree,10.332106322050095
BAA,BAA ALJs,(to keep) Drag and drop of some documents,worksheet,positive,Training & Documentation,keyword,5.0
BAA,BAA ALJs,(to keep) Color coding of actions / departments,worksheet,positive,User Experience & Performance,keyword,8.0
BAA,BAA Operations,Case notes together like in alta via.,worksheet,negative,Records & Document Management,keyword,6.0
BAA,BAA Operations,(to keep) Very detailed on information,worksheet,positive,Data Management & Visibility,keyword_semantic_agree,3.3715943694114685
BAA,BAA Operations,Easier to find information like reservice / notes,worksheet,negative,Records & Document Management,keyword,9.0
BAA,BAA Operations,We dont need 30 different green shades but i do like different color for different department,worksheet,positive,Workflow & Business Processes,keyword_low,3.0
BAA,BAA Operations,Be able to type in different action types instead of just “case notes”,worksheet,positive,Records & Document Management,keyword,6.0
BAA,BAA Operations,Wrap text instead of sliding the bar all the way over,worksheet,negative,Communication & Collaboration,semantic_fallback,0.006147909909486771
BAA,BAA Operations,A recently viewed ability would be amazing,worksheet,positive,Data Management & Visibility,semantic_fallback,0.15809956192970276
BAA,BAA Operations,If we could search by address that would be so much more efficient,worksheet,positive,User Experience & Performance,keyword,4.0
BAA,BAA Operations,(to keep) The color coordination of codes being one color and BAA another,worksheet,positive,Case Management,keyword,4.0
BAA,BAA Operations,To check if rental registry have been applied for and obtained (people lie about this all the time),worksheet,negative,Case Management,keyword,4.0
BAA,BAA Operations,Improve add tab,worksheet,positive,User Experience & Performance,keyword_semantic_agree,3.128084182739258
BAA,BAA Operations,(to keep) inspections,worksheet,positive,Case Management,keyword,4.0
BAA,BAA Operations,Filter open to show all cases with fines,worksheet,negative,Case Management,keyword_semantic_agree,4.243001952767372
BAA,BAA Operations,When clicking BAA ticketing from pending to approve either combine both or just one action,worksheet,negative,Case Management,keyword,6.0
BAA,BAA Operations,BAA case notes with action like first round ticket button,worksheet,negative,User Experience & Performance,keyword,9.0
BAA,BAA Operations,Select all fees at once when applying,worksheet,negative,Workflow & Business Processes,keyword_semantic_agree,6.09602527320385
BAA,BAA Operations,More filter options for addresses with multiple cases,worksheet,negative,Case Management,keyword_semantic_agree,4.23637592792511
BAA,BAA Operations,Less action button when going to add notes,worksheet,negative,User Experience & Performance,keyword,13.0
BAA,BAA Operations,Clear out some of the ones that aren't used,worksheet,negative,Scheduling & Resource Management,semantic_fallback,0.1563883125782013
BAA,BAA Operations,“RMI letter receival”,worksheet,negative,Records & Document Management,keyword_semantic_agree,3.221265986561775
BAA,BAA Operations,Add RMI letter mailed,worksheet,negative,Records & Document Management,keyword_semantic_agree,3.230519115924835
BAA,BAA Operations,(to keep) Want to keep the drag and drop option,worksheet,positive,Records & Document Management,semantic_fallback,0.12777817249298096
BAA,BAA Operations,Just want it cleaned up and organized more,worksheet,positive,User Experience & Performance,keyword_low,3.0
BAA,BAA Supervisors,Automate tickets,worksheet,positive,Case Management,keyword,8.0
BAA,BAA Supervisors,Link all tickets/complaints for a property of house owner,worksheet,negative,Case Management,keyword,16.0
BAA,BAA Supervisors,Limit to the ones used,worksheet,negative,Scheduling & Resource Management,semantic_fallback,0.14927026629447937
BAA,BAA Supervisors,(to keep) Search criteria,worksheet,positive,User Experience & Performance,keyword,4.0
BAA,BAA Supervisors,(to keep) Actions with space for notes,worksheet,positive,User Experience & Performance,keyword,8.0
BAA,BAA Supervisors,(to keep) Payment tab relatively easy to use,worksheet,positive,User Experience & Performance,keyword,5.0
BAA,BAA Supervisors,(to keep) Tax id search is reliable,worksheet,positive,User Experience & Performance,keyword,4.0
BAA,BAA Supervisors,Linked cases is biggest,worksheet,positive,Case Management,keyword_semantic_agree,4.284053146839142
BAA,BAA Supervisors,Case note button on top with actions and inspections so wouldn't have to scroll,worksheet,negative,User Experience & Performance,keyword,13.0
BAA,BAA Supervisors,BAA inspections different color from codes,worksheet,negative,Case Management,keyword,8.0
BAA,BAA Supervisors,revamp actions,worksheet,negative,User Experience & Performance,keyword,8.0
BAA,BAA Supervisors,Putting notes in uniform manner,worksheet,negative,Records & Document Management,keyword,6.0
BAA,BAA Supervisors,(to keep) Don't use it enough,worksheet,positive,User Experience & Performance,semantic_fallback,0.2115141898393631
CPC,CPC,BAA update timely,worksheet,positive,Workflow & Business Processes,keyword_semantic_agree,2.215751603245735
CPC,CPC,User updates,worksheet,negative,User Experience & Performance,keyword_low,2.0
CPC,CPC,(to keep) Photos!,worksheet,positive,Records & Document Management,keyword_semantic_agree,4.30145600438118
CPC,CPC,"At a glance status of properties – RR renewal date, same for CofU, CofC, VPR.",worksheet,negative,Scheduling & Resource Management,keyword_semantic_agree,2.2168858498334885
CPC,CPC,Maybe a tab just for BAA violation ticket and not mixed in with the warning and everything else,worksheet,negative,Case Management,keyword,9.0
CPC,CPC,(to keep) The complaint look up tool is the best,worksheet,positive,Case Management,keyword_semantic_agree,4.2984659075737
CPC,CPC,The information IPS has is good but just a tab for violation ticket separate for all the warning and image would make things easier,worksheet,negative,Case Management,keyword,7.0
CPC,CPC,Can the IPS software automatically add the late fees to all existing code violations to avoid incorrect information being recorded or provided to the customer.,worksheet,negative,Case Management,keyword,9.0
CPC,CPC,Can the violation and BAA ticket be different and not so identical for easy processing purpose and not to confuse everyone involved.,worksheet,negative,Case Management,keyword,9.0
CPC,CPC,I could help update when I see some that could be closed,worksheet,negative,Scheduling & Resource Management,semantic_fallback,0.214029923081398
CPC,CPC,Maybe its my computer,worksheet,negative,User Experience & Performance,semantic_fallback,0.24171040952205658
CPC,CPC,Add one more search function,worksheet,negative,User Experience & Performance,keyword,4.0
CPC,CPC,(to keep) Search by address / owner / ticket number,worksheet,positive,Case Management,keyword,4.0
CPC,CPC,(to keep) Address always matches eTax. If there's a typo or abbreviation – IPS will match eTax,worksheet,positive,Records & Document Management,keyword_low,2.0
CPC,CPC,"After searching by owner name or address, if the list of violations could show the amount owed. It would save more time opening each violations.",worksheet,negative,Case Management,keyword,6.0
CPC,CPC,(to keep) Works well,worksheet,positive,Records & Document Management,semantic_fallback,0.12502184510231018
CPC,CPC,Businesses on system should also list owner's / responsible party name,worksheet,positive,Workflow & Business Processes,keyword,4.0
CPC,CPC,System could automatically duplicate email address + phone for every account on system once completed for one account manually,worksheet,negative,User Experience & Performance,keyword,6.0
CPC,CPC,Recode items which have current money owed to a “Red dot“ instead of purple or green so it stands out and would eliminate need to double click each entry.,worksheet,positive,User Experience & Performance,keyword_low,2.0
CPC,CPC,(to keep) Searching under complaints brings up useful + useless information regarding penalty fees currently owed when you input address,worksheet,positive,Case Management,keyword,10.0
CPC,CPC,AS400 – water,worksheet,negative,System Integration,keyword_semantic_agree,2.0938248112797737
CPC,CPC,Need to duplicate password entry,worksheet,negative,Data Management & Visibility,keyword_low,2.0
CPO,Permits,One database that stores and allows /facilitates application progress,worksheet,positive,Data Management & Visibility,keyword,4.0
CPO,Permits,Improve documentation capabilities,worksheet,positive,Training & Documentation,keyword_semantic_agree,5.461534827947617
CPO,Permits,(to keep) Printing review team comments,worksheet,positive,Communication & Collaboration,keyword_semantic_agree,3.214541122317314
CPO,Permits,(to keep) Contractor database (insurance),worksheet,positive,Data Management & Visibility,keyword,4.0
CPO,Permits,(to keep) “Address book”,worksheet,positive,Records & Document Management,keyword_semantic_agree,2.406259924173355
CPO,Permits,(to keep) Printing capabilities,worksheet,positive,Communication & Collaboration,semantic_fallback,0.1582903116941452
CPO,Permits,(to keep) Alerts (eg. eta),worksheet,positive,Scheduling & Resource Management,semantic_fallback,0.31561335921287537
CPO,Permits,(to keep) customizing user capability,worksheet,positive,User Experience & Performance,keyword_semantic_agree,2.1569332629442215
CPO,Permits,(to keep) Comment editing,worksheet,positive,Communication & Collaboration,keyword_semantic_agree,3.1389099806547165
CPO,Permits,(to keep) Recording users,worksheet,positive,Records & Document Management,keyword_semantic_agree,3.3042070269584656
CPO,Permits,(to keep) I like OnBase layout,worksheet,positive,System Integration,keyword_low,2.0
CPO,Permits,Ideally it would be aide to someone integrate with camino.,worksheet,positive,System Integration,keyword_semantic_agree,2.3887486159801483
CPO,Permits,I think from codes perspective the information is scattered,worksheet,negative,Data Management & Visibility,keyword_semantic_agree,3.288780242204666
CPO,Permits,"Eg. Ideally, If IPS could integrate with Camino if a violation were in the system it could trigger an alert in camino on app>",worksheet,negative,System Integration,semantic,0.4680885672569275
CPO,Permits,(to keep) I like that IPS can print out reviewer's comments on one concise report,worksheet,positive,Reporting & Decision Support,keyword_semantic_agree,4.27410888671875
CPO,Permits,(to keep) Using it as a system of record for code enforcement,worksheet,positive,Records & Document Management,semantic,0.41957995295524597
DOCE,Admin Aide,autofill from linked outlook and IPS modules,worksheet,negative,User Experience & Performance,keyword,4.0
DOCE,Admin Aide,Same format throughout,worksheet,negative,Records & Document Management,semantic_fallback,0.15474413335323334
DOCE,Admin Aide,"Search in address book would populate all associated properties complaints, violations",worksheet,negative,Case Management,keyword,14.0
DOCE,Admin Aide,More detailed preview,worksheet,negative,User Experience & Performance,semantic_fallback,0.13268102705478668
DOCE,Admin Aide,(to keep) Lots of options in the drop downs,worksheet,positive,System Integration,semantic_fallback,0.13453172147274017
DOCE,Admin Aide,(to keep) Automatically adding – in phone numbers,worksheet,positive,Communication & Collaboration,keyword_semantic_agree,4.162701740860939
DOCE,Admin Aide,Faster processing speed or more data for the software to run smoothly so it doesn't crash often,worksheet,negative,User Experience & Performance,keyword_semantic_agree,8.491361677646637
DOCE,Admin Aide,Making it so we can seek the names alphabetically or programming it to do so,worksheet,negative,Records & Document Management,semantic_fallback,0.2638474702835083
DOCE,Admin Aide,Adding Rent Hold / Rent Release as option for all cases since some case types doesn't list them,worksheet,negative,Case Management,keyword_semantic_agree,4.236137732863426
DOCE,Admin Aide,(to keep) The actions for IPS are really solid and cover most things that we need to enter,worksheet,positive,User Experience & Performance,keyword,8.0
DOCE,Admin Aide,"If there was more organization in the periodic inspection table, there are too many unused options and the list is random",worksheet,negative,Scheduling & Resource Management,keyword_low,3.0
DOCE,Building Inspectors,Make sure we have the most current information,worksheet,negative,Data Management & Visibility,keyword_low,3.0
DOCE,Building Inspectors,Make sure we have the most current address,worksheet,negative,Records & Document Management,keyword_semantic_agree,2.1783707290887833
DOCE,Building Inspectors,Better communication,worksheet,positive,Communication & Collaboration,keyword_semantic_agree,4.515222549438477
DOCE,Building Inspectors,(to keep) Updated tablets and software that actually works,worksheet,positive,User Experience & Performance,keyword_semantic_agree,4.208669900894165
DOCE,Building Inspectors,Sprinkler system reports & elevator reports – access to them at least,worksheet,negative,Reporting & Decision Support,keyword_semantic_agree,8.341495603322983
DOCE,Building Inspectors,Tablets that are faster,worksheet,negative,User Experience & Performance,keyword_semantic_agree,4.2508984208106995
DOCE,Building Inspectors,Communication within departments,worksheet,negative,Communication & Collaboration,keyword_semantic_agree,4.682837605476379
DOCE,Building Inspectors,(to keep) simplicity,worksheet,positive,Data Management & Visibility,semantic_fallback,0.13261866569519043
DOCE,Building Inspectors,Apps on iPhone,worksheet,negative,User Experience & Performance,semantic_fallback,0.2570829689502716
DOCE,Building Inspectors,Single system,worksheet,negative,System Integration,semantic,0.33480778336524963
DOCE,Building Inspectors,Single system,worksheet,negative,System Integration,semantic,0.33480778336524963
DOCE,Building Inspectors,(to keep) Documents can be saved in the system,worksheet,positive,Training & Documentation,keyword,5.0
DOCE,Building Inspectors,The same as AS400.,worksheet,negative,System Integration,keyword_low,2.0
DOCE,Building Inspectors,If it could hold everything I need.,worksheet,positive,Records & Document Management,semantic_fallback,0.037363700568675995
DOCE,Building Inspectors,(to keep) Reminder dates,worksheet,positive,Scheduling & Resource Management,keyword_semantic_agree,7.36976945400238
DOCE,Building Inspectors,Have a note that says pass instead calling permits,worksheet,negative,Case Management,keyword,6.0
DOCE,Building Inspectors,Have that in IPS,worksheet,negative,System Integration,semantic_fallback,0.276896208524704
DOCE,Building Inspectors,(to keep) I think all of it is very good,worksheet,positive,User Experience & Performance,semantic_fallback,0.10061037540435791
DOCE,Building Inspectors,Just elevator certificate,worksheet,positive,Workflow & Business Processes,keyword_low,2.0
DOCE,CPO-Coordinators,One system for everything,worksheet,negative,System Integration,semantic,0.3893986940383911
DOCE,CPO-Coordinators,Get rid of Camino!,worksheet,negative,System Integration,keyword_semantic_agree,2.0893172845244408
DOCE,CPO-Coordinators,(to keep) I like IPS and would continue using – it's easy,worksheet,positive,System Integration,semantic,0.38760480284690857
DOCE,CPO-Coordinators,(to keep) Record keeping and finding is simple and effiiceint,worksheet,positive,Records & Document Management,keyword_semantic_agree,6.484131813049316
DOCE,CPO-Coordinators,(to keep) Scheduling inspections is easy,worksheet,positive,Scheduling & Resource Management,keyword_semantic_agree,13.365281283855438
DOCE,CPO-Coordinators,"(to keep) Can print reviewer's comments easily, can print standard notices easily, saves all printed documents automatically",worksheet,positive,Training & Documentation,keyword,5.0
DOCE,CPO-Coordinators,"Customized certificates, simpler case management, more efficient expiration/renewal notification so report isn't needed, automatic renewal letters sent to a queue?",worksheet,negative,Case Management,keyword_semantic_agree,7.249495595693588
DOCE,CPO-Coordinators,Migrate list (tracking) out of IPS (this can be an excel file),worksheet,negative,Data Management & Visibility,keyword,4.0
DOCE,CPO-Coordinators,Online system to schedule inspections (already used elsewhere),worksheet,negative,Scheduling & Resource Management,keyword_semantic_agree,8.37571969628334
DOCE,CPO-Coordinators,Some owners have numerous accounts in IPS,worksheet,negative,User Experience & Performance,keyword_low,2.0
DOCE,CPO-Coordinators,(to keep) Working with different departments and giving “tickle” dates,worksheet,positive,Scheduling & Resource Management,keyword_semantic_agree,7.391263455152512
DOCE,Housing Inspectors,I have no idea; I am not sure why IPS has lapses so I am not sure how to improve/fix,worksheet,positive,System Integration,semantic_fallback,0.1852518618106842
DOCE,Housing Inspectors,(to keep) I think IPS is a good system that is user friendly,worksheet,positive,User Experience & Performance,keyword,7.0
DOCE,Housing Inspectors,Make it so it's to a scroll to choose and action,worksheet,negative,User Experience & Performance,keyword_semantic_agree,4.012092271819711
DOCE,Housing Inspectors,Make an action that saves clicks,worksheet,positive,User Experience & Performance,keyword,6.0
DOCE,Housing Inspectors,Make a case label for drive by/calls/waiting for owner,worksheet,negative,Case Management,keyword_semantic_agree,2.4128841161727905
DOCE,Housing Inspectors,Case could tell you when you open it if it is in high risk area,worksheet,negative,Case Management,keyword_semantic_agree,2.222803607583046
DOCE,Housing Inspectors,(to keep) Chronological notes/actions in case,worksheet,positive,User Experience & Performance,keyword,8.0
DOCE,Housing Inspectors,"If it could get water /lead information, it would save a lot of time. Only a couple of people have access to AS400, so it is annoying",worksheet,negative,Data Management & Visibility,keyword_low,3.0
DOCE,Housing Inspectors,Batch violation numbers when saved,worksheet,negative,Case Management,keyword_low,3.0
DOCE,Housing Inspectors,Ability to add custom shortcuts,worksheet,positive,System Integration,semantic_fallback,0.12428373843431473
DOCE,Housing Inspectors,Create a global address book,worksheet,negative,Records & Document Management,keyword_semantic_agree,2.221708834171295
DOCE,Housing Inspectors,Eliminate unneeded actions i.e. (BAA Ticket Rounds),worksheet,negative,User Experience & Performance,keyword,8.0
DOCE,Housing Inspectors,(to keep) Separation of cases per property,worksheet,positive,Case Management,keyword_semantic_agree,4.355027973651886
DOCE,Housing Inspectors,Stats,worksheet,negative,Reporting & Decision Support,semantic,0.3686274588108063
DOCE,Housing Inspectors,Cases without inspection date,worksheet,negative,Case Management,keyword_semantic_agree,6.3140529692173
DOCE,Housing Inspectors,Cases set to “needs review”,worksheet,negative,Case Management,keyword_semantic_agree,4.396373361349106
DOCE,Housing Inspectors,(IT or IPS focus),worksheet,negative,System Integration,semantic,0.37943097949028015
DOCE,Housing Inspectors,(to keep) It's pretty good for me,worksheet,positive,User Experience & Performance,semantic_fallback,0.07881366461515427
DOCE,Housing Inspectors,(to keep) Information update across cases,worksheet,positive,Case Management,keyword_semantic_agree,4.47140172123909
DOCE,Housing Inspectors,(to keep) Laptop use would be great in field,worksheet,positive,User Experience & Performance,keyword,4.0
DOCE,Housing Inspectors,Bring back laptops so we can update cases in field,worksheet,negative,Case Management,keyword_semantic_agree,4.271682590246201
DOCE,Housing Inspectors,Issues connecting to IPS remotely,worksheet,negative,Communication & Collaboration,keyword,4.0
DOCE,Office Managers,"I can complete my function by only opening one case at a time, but it slows me down",worksheet,negative,User Experience & Performance,keyword,7.0
DOCE,Office Managers,"(to keep) The ability to click within a case, directs to Image Mate button is very helpful",worksheet,positive,User Experience & Performance,keyword,7.0
DOCE,Office Managers,"The way ownership and previous ownership in relation in relation to “agents” “business contact”, etc. With a case (not parcel) is often messed up:",worksheet,negative,Workflow & Business Processes,keyword,4.0
DOCE,Office Managers,"Because if sometimes doesn't take an update,",worksheet,negative,User Experience & Performance,semantic_fallback,0.21031925082206726
DOCE,Office Managers,Can't tell who is connected to who,worksheet,negative,Communication & Collaboration,keyword_semantic_agree,4.267938196659088
DOCE,Office Managers,Remove tab because it has nothing to do with us,worksheet,negative,User Experience & Performance,keyword_semantic_agree,3.0624803863465786
DOCE,Office Managers,Make it still “checkable” but have address remain updated,worksheet,negative,Records & Document Management,keyword_low,2.0
DOCE,Office Managers,(to keep) Print queue – organization of notices,worksheet,positive,Scheduling & Resource Management,semantic_fallback,0.282571017742157
DOCE,Office Managers,(to keep) Parcel information – showing information,worksheet,positive,Records & Document Management,semantic,0.3542492985725403
DOCE,Office Managers,(to keep) Complaint search – search by violation numbers?,worksheet,positive,Case Management,keyword,7.0
DOCE,Office Managers,Ensure this information can be automatically put into new cases so it is not forgotten,worksheet,positive,Case Management,keyword_semantic_agree,4.4293849766254425
DOCE,Office Managers,"Making sure “department”, “status” or either status in IPS are not holding up BAA referrals.",worksheet,negative,Workflow & Business Processes,keyword,8.0
DOCE,Office Managers,(to keep) Search by complaint number,worksheet,positive,Case Management,keyword_semantic_agree,4.254090130329132
DOCE,Office Managers,(to keep) Address book & searching by property owner,worksheet,positive,User Experience & Performance,keyword,4.0
DOCE,Office Managers,Water & Tax records for periodic inspections,worksheet,negative,Case Management,keyword,7.0
DOCE,Permit/Commercial/Electrical Inspectors,Consolidate to functioning system,worksheet,negative,System Integration,semantic,0.3518702983856201
DOCE,Permit/Commercial/Electrical Inspectors,(to keep) Ability to keep track of kick out inspections,worksheet,positive,Case Management,keyword,4.0
DOCE,Permit/Commercial/Electrical Inspectors,In field timely acces: to information and modification of cases,worksheet,positive,Case Management,keyword_semantic_agree,4.415819227695465
DOCE,Permit/Commercial/Electrical Inspectors,Have camino and outlook talk to each other,worksheet,negative,Scheduling & Resource Management,keyword_low,3.0
DOCE,Permit/Commercial/Electrical Inspectors,Use IPS when permit is pulled,worksheet,negative,Case Management,keyword_low,3.0
DOCE,Permit/Commercial/Electrical Inspectors,(to keep) When you issue certificate of completion it emails the contractor/homeowner,worksheet,negative,Workflow & Business Processes,keyword_low,2.0
DOCE,Permit/Commercial/Electrical Inspectors,(to keep) Can upload pictures easily using the app,worksheet,positive,Records & Document Management,semantic_fallback,0.18908914923667908
DOCE,Permit/Commercial/Electrical Inspectors,Get rid of it,worksheet,negative,User Experience & Performance,semantic_fallback,0.10674111545085907
DOCE,Permit/Commercial/Electrical Inspectors,Get rid of it,worksheet,negative,User Experience & Performance,semantic_fallback,0.10674111545085907
DOCE,Permit/Commercial/Electrical Inspectors,Get rid of it,worksheet,negative,User Experience & Performance,semantic_fallback,0.10674111545085907
DOCE,Permit/Commercial/Electrical Inspectors,(to keep) layout,worksheet,positive,Communication & Collaboration,semantic_fallback,0.13980239629745483
DOCE,Permit/Commercial/Electrical Inspectors,Add a tickle date option to the system,worksheet,negative,Scheduling & Resource Management,keyword_semantic_agree,7.284627556800842
DOCE,Permit/Commercial/Electrical Inspectors,"(to keep) Again, being able to have future tickle dates",worksheet,positive,Scheduling & Resource Management,keyword_semantic_agree,7.255469590425491
DOCE,Permit/Commercial/Electrical Inspectors,IPS works better than Camino,worksheet,positive,System Integration,keyword_semantic_agree,2.2760557532310486
DOCE,Permit/Commercial/Electrical Inspectors,Hiring qualified people and train them,worksheet,negative,Training & Documentation,keyword_semantic_agree,5.423596203327179
DOCE,Permit/Commercial/Electrical Inspectors,(to keep) Don't use it,worksheet,positive,User Experience & Performance,semantic_fallback,0.17599605023860931
DOCE,Supervisors,Consolidate /merge data and information,worksheet,negative,Data Management & Visibility,keyword_semantic_agree,5.392712593078613
DOCE,Supervisors,?,worksheet,negative,User Experience & Performance,semantic_fallback,0.041484054177999496
DOCE,Supervisors,"Migration to one place (microfrch, scans, shared drives, etc.)",worksheet,negative,Data Management & Visibility,keyword,4.0
DOCE,Supervisors,Artificial Intelligence,worksheet,negative,Reporting & Decision Support,semantic_fallback,0.207632377743721
DOCE,Supervisors,"Connection to enterprise-wide GIS at the county level, since we are parcel based (legal basis for Code Enforcement Activity)",worksheet,negative,System Integration,semantic,0.4276354908943176
DOCE,Supervisors,Better reporting,worksheet,positive,Reporting & Decision Support,keyword_semantic_agree,4.464878052473068
DOCE,Supervisors,?,worksheet,negative,User Experience & Performance,semantic_fallback,0.041484054177999496
DOCE,Supervisors,"(to keep) Case notes, photo upload",worksheet,positive,Records & Document Management,keyword_semantic_agree,8.441160142421722
DOCE,Supervisors,"(to keep) Inspection dates, tickle dates",worksheet,positive,Scheduling & Resource Management,keyword_semantic_agree,10.368984162807465
DOCE,Supervisors,Not sure.,worksheet,negative,User Experience & Performance,semantic_fallback,0.07201888412237167
DOCE,Supervisors,?,worksheet,negative,User Experience & Performance,semantic_fallback,0.041484054177999496
DOCE,Supervisors,"Improve UI for parcel history, have data from Camino (permits) and other databases inputted into central database.",worksheet,positive,Data Management & Visibility,keyword,12.0
DOCE,Supervisors,"Some addresses on the property are not the same in assessment records, so contractors get frsutrated",worksheet,negative,Records & Document Management,keyword,9.0
DOCE,Supervisors,(to keep) Drop Box Function,worksheet,positive,Records & Document Management,semantic_fallback,0.11701244115829468
DOCE,Supervisors,(to keep) Votes section,worksheet,positive,Reporting & Decision Support,semantic_fallback,0.17060497403144836
DOCE,Supervisors,Central software for all Code,worksheet,negative,System Integration,semantic,0.3261108696460724
DOCE,Supervisors,(to keep) Ease of use,worksheet,positive,User Experience & Performance,semantic,0.3624682128429413
DOCE,Zoning,Data migration to one system for historical records.,worksheet,negative,Data Management & Visibility,keyword_semantic_agree,10.373459845781326
DOCE,Zoning,Digitization of all records timely,worksheet,positive,Records & Document Management,keyword_semantic_agree,7.368729740381241
DOCE,Zoning,Enterprise wide GIS system,worksheet,negative,System Integration,keyword_semantic_agree,2.4240064322948456
DOCE,Zoning,(to keep) Some old zoning projects are there.,worksheet,positive,Workflow & Business Processes,semantic_fallback,0.2539130449295044
DOCE,Zoning,(to keep) SOCPA put old variance and conditional uses in IPS,worksheet,positive,System Integration,semantic_fallback,0.149475559592247
DOCE,Zoning,See notes from my code enforcement worksheet - [PERSON],worksheet,negative,Records & Document Management,keyword,6.0
DOCE,Zoning,More regular updates to speadsheet,worksheet,negative,Scheduling & Resource Management,semantic_fallback,0.1942303478717804
DOCE,Zoning,"The items not on IPS or OnBase, if not in basement file, can't be found",worksheet,negative,Records & Document Management,keyword_semantic_agree,2.159141719341278
DOCE,Zoning,(to keep) Parcel history database is in chronological order,worksheet,positive,Data Management & Visibility,keyword_semantic_agree,6.227297022938728
DOCE,Zoning,"(to keep) Straightforward, easy to learn",worksheet,positive,Training & Documentation,semantic,0.3292546272277832
DOCE,Zoning,More files uploaded / transferred to IPS,worksheet,negative,Records & Document Management,keyword,4.0
DOCE,Zoning,(to keep) Direct file opening,worksheet,positive,Records & Document Management,keyword_semantic_agree,2.1602952778339386
DOCE,Zoning,Change workflow,worksheet,negative,Workflow & Business Processes,keyword_semantic_agree,5.510229647159576
DOCE,Zoning,Dedicated person,worksheet,positive,Scheduling & Resource Management,semantic_fallback,0.14675948023796082
DOCE,Zoning,(to keep) Searching for inactive parcel,worksheet,positive,User Experience & Performance,keyword,4.0
DOCE,Zoning,(to keep) filters,worksheet,positive,Records & Document Management,keyword_low,2.0
DOCE,Zoning,Onboarding training (competative),worksheet,negative,Training & Documentation,keyword_semantic_agree,14.528724491596222
DOCE,Zoning,Making the code more accessible or encouraging email communications rather than calling,worksheet,negative,Communication & Collaboration,keyword_semantic_agree,4.361983358860016
DOCE,Zoning,"(to keep) The ability to filter by type, permit, project, complaint, etc.",worksheet,positive,Case Management,keyword,7.0
DOCE,Zoning,"(to keep) It's very terse, a lot of information is provided or most applications",worksheet,positive,Data Management & Visibility,keyword_low,3.0
DOCE,Zoning,"I wish all previous things that are in OnBase were in IPS. So, I didn't have to switch between those often",worksheet,positive,System Integration,keyword_semantic_agree,2.3548264503479004
DOCE,Zoning,(to keep) Comment summary sheet,worksheet,positive,Communication & Collaboration,keyword_low,3.0
DOCE,Zoning,"(to keep) Date management: change, modify, date",worksheet,positive,Scheduling & Resource Management,keyword_semantic_agree,2.3797053694725037
DOCE,Zoning,(to keep) List of application history,worksheet,positive,Data Management & Visibility,keyword_low,2.0
DOCE,Zoning,(to keep) Status overview dashboard,worksheet,positive,Reporting & Decision Support,keyword_semantic_agree,5.42024689912796
DOCE,Zoning,(to keep) Comment summary sheet,worksheet,positive,Communication & Collaboration,keyword_low,3.0
DOCE,Zoning,(to keep) Data management: change & modify,worksheet,positive,Data Management & Visibility,keyword_semantic_agree,2.451623558998108
DOCE,Zoning,(to keep) List of application history: date,worksheet,positive,Data Management & Visibility,keyword_low,2.0
DOCE,Zoning,(to keep) Status overview dashboard,worksheet,positive,Reporting & Decision Support,keyword_semantic_agree,5.42024689912796
FPB,Fire,(to keep) The tickle date function seems to be valuable,worksheet,positive,Scheduling & Resource Management,keyword_semantic_agree,7.214260950684547
FPB,Fire,(to keep) Finding the history of a property or business takes several steps,worksheet,positive,Workflow & Business Processes,keyword,4.0
FPB,Fire,IPS on mobile devices. Real time inspection reports and documentation. Integrate IPS violations into other Fire Department functions,worksheet,negative,Case Management,keyword,8.0
FPB,Fire,Import information like exact CO and capacity available without digging,worksheet,negative,Data Management & Visibility,keyword_low,3.0
FPB,Fire,Have a more profound way of finding information,worksheet,positive,Data Management & Visibility,keyword_semantic_agree,3.2775072753429413
FPB,Fire,Make it one way to document different people do thing differently and put in different places,worksheet,negative,Training & Documentation,keyword,5.0
FPB,Fire,Fix this! Make sure they are active in IPS,worksheet,negative,System Integration,semantic_fallback,0.08471503108739853
Law,Law,The format makes it hard to read everything at once,worksheet,negative,User Experience & Performance,semantic_fallback,0.2361341118812561
Law,Law,(to keep) I like the images tab so I can look at the notices directly,worksheet,positive,Records & Document Management,keyword_semantic_agree,4.25384846329689
Law,Law,Integrate water records into recordkeeping tools,worksheet,negative,Records & Document Management,keyword_semantic_agree,7.426205933094025
Law,Law,Require confirmation that documents were uploaded and work was done,worksheet,negative,Training & Documentation,keyword,5.0
Law,Law,Make overview reports available for properties,worksheet,negative,Reporting & Decision Support,keyword_semantic_agree,8.380859911441803
Law,Law,(to keep) Intuitive interface,worksheet,positive,User Experience & Performance,keyword_semantic_agree,5.292359173297882
Law,Law,(to keep) Easy to find individual complaints,worksheet,positive,Case Management,keyword,8.0
Law,Law,Compatibility with office,worksheet,negative,User Experience & Performance,semantic_fallback,0.2965889275074005
Law,Law,More disciplinary entry of notes and documents,worksheet,negative,Records & Document Management,keyword_semantic_agree,10.511018812656403
Law,Law,(to keep) When fully utilized by codes it is a resource for information,worksheet,positive,Training & Documentation,semantic,0.4061216115951538
Law,Law,Ability for IPS information to be transferred to MS word,worksheet,positive,Data Management & Visibility,keyword_low,3.0
NBD,NBD Data Team,"Process mapping & SOPS, system training & support",worksheet,negative,Training & Documentation,keyword_semantic_agree,17.52644544839859
NBD,NBD Data Team,(to keep) RPS to IPS assessment sync daily: always have current ownership information,worksheet,positive,Data Management & Visibility,keyword_low,3.0
NBD,NBD Data Team,(to keep) Panel based,worksheet,positive,System Integration,semantic_fallback,0.13105125725269318
NBD,NBD Data Team,(to keep) Periodic module: ability to batch generate renewal letters when property comes due,worksheet,positive,Records & Document Management,keyword,6.0
NBD,NBD Data Team,(to keep) Backend access to our own data,worksheet,positive,Data Management & Visibility,semantic,0.328116238117218
NBD,NBD Data Team,(to keep) Based roles / permisions,worksheet,positive,Training & Documentation,semantic_fallback,0.2160271853208542
NBD,NBD Data Team,(to keep) Workflow configuration abilities (they are limited not easy to set up),worksheet,positive,Workflow & Business Processes,keyword_semantic_agree,5.485175371170044
NBD,NBD Data Team,(to keep) New record type configuration abilities / “maintenance” menu,worksheet,positive,Records & Document Management,keyword_semantic_agree,3.3015868067741394
NBD,NBD Data Team,(to keep) “one stop shop” for property records (pre-camino),worksheet,positive,Records & Document Management,keyword_semantic_agree,7.494286596775055
NBD,NBD Data Team,"(to keep) Zoning, Codes, Permits, Fire",worksheet,positive,Case Management,keyword,8.0
NBD,NBD Data Team,Imporved case management tools for users: ability to finding upcoming unclosed so routes can be planned more ethuinituly,worksheet,positive,Case Management,keyword_semantic_agree,7.450934261083603
NBD,NBD Data Team,"High level front-end reporting capabilities for leadership – compliance, on building block log cases, time to resolve, cases infor updates in x makes, etc",worksheet,positive,Case Management,keyword,4.0
NBD,NBD Data Team,Direct scheduling for applicants! Ontwok integration,worksheet,negative,Scheduling & Resource Management,keyword_semantic_agree,10.345347970724106
NBD,NBD Data Team,"Usability or monthly quick links to other systems – AS400, Camino",worksheet,negative,System Integration,keyword_semantic_agree,4.49907910823822
NBD,NBD Data Team,Have cleaner sorting and filtering features within a parcel,worksheet,negative,Records & Document Management,keyword_semantic_agree,5.186137616634369
NBD,NBD Data Team,Add insert / update / delete functionality,worksheet,negative,Records & Document Management,semantic_fallback,0.303815633058548
NBD,NBD Data Team,Have them be a component of main parcel?,worksheet,negative,Records & Document Management,keyword_low,3.0
NBD,NBD Data Team,(to keep) Ability to pull data with SQL,worksheet,positive,Data Management & Visibility,keyword_semantic_agree,2.4443090558052063
NBD,NBD Data Team,Easier way to modify violations.,worksheet,negative,Case Management,keyword,6.0
NBD,NBD Data Team,For sorting and categorizing,worksheet,negative,Records & Document Management,semantic,0.4050910472869873
NBD,NBD Data Team,Updating IPS through SQL,worksheet,negative,System Integration,semantic_fallback,0.24767714738845825
NBD,NBD Data Team,Easier complaint search on parcel view,worksheet,negative,Case Management,keyword,4.0
NBD,NBD Data Team,Violations summary & units affected,worksheet,negative,Case Management,keyword,6.0
NBD,NBD Data Team,"Being able to post to the database (eg, to flag a batch of parcels as vacant once a week)",worksheet,positive,Data Management & Visibility,keyword,4.0
NBD,NBD Data Team,"More robust automation or scripting possibilities, so that more updates or QA/QC can be automated",worksheet,positive,System Integration,semantic,0.3483000099658966
NBD,NBD Data Team,"Allow for if this then that bridges between programs, integrations with a CRM or GIS software, etc",worksheet,positive,System Integration,keyword_semantic_agree,2.5890873074531555
NBD,NBD Data Team,"I'm not sure the best improvement here, but tracking residential units and which complaint goes to which unit is so frustrating",worksheet,negative,Case Management,keyword,4.0
NBD,NBD Data Team,The ability to configure validation for different data fields,worksheet,positive,Data Management & Visibility,keyword_semantic_agree,2.2445282340049744
NBD,NBD Data Team,"(to keep) Customizability for actions, attributes, etc. (eg, “Rental Registry Required”)",worksheet,positive,User Experience & Performance,keyword,8.0
NBD,NBD Data Team,(to keep) Approval groups so that case management & review happens in the same system,worksheet,positive,Case Management,keyword_semantic_agree,7.435626775026321
NBD,NBD Data Team,I want better documentation for the database. We don't have any robust EO diagrams!,worksheet,positive,Training & Documentation,keyword_semantic_agree,5.444228142499924
NBD,NBD Data Team,"Please, let's have modern scripting options (eg, Python not Visual Basic; posting to the database)",worksheet,negative,Data Management & Visibility,keyword,4.0
NBD,NBD Data Team,"If the new software could integrate with Esri, a contact management software (like Salesforce), or other tools, we could accomplish so much more",worksheet,negative,System Integration,keyword_semantic_agree,2.441921651363373
NBD,NBD Internal,Might be a bug,worksheet,negative,User Experience & Performance,keyword_semantic_agree,6.060388710349798
NBD,NBD Internal,A drop down for ERP referrals to indicate where the referral came,worksheet,negative,Case Management,keyword,5.0
NBD,NBD Internal,Build system with drop down selection of where the referred came from to start documenting which agency placed them.,worksheet,negative,Training & Documentation,keyword,5.0
NBD,NBD Internal,Something tangible that can get auto emailed to ambassadors,worksheet,positive,Communication & Collaboration,semantic_fallback,0.2688777446746826
NBD,NBD Internal,(to keep) Allow all users to leave notes “codes staff notes”,worksheet,positive,Records & Document Management,keyword,6.0
NBD,NBD Internal,Geographic viewing of addresses nearby.,worksheet,negative,Records & Document Management,keyword_semantic_agree,2.2399232387542725
NBD,NBD Internal,Data sharing / backend access with county,worksheet,negative,Workflow & Business Processes,keyword_low,2.0
NBD,NBD Internal,(to keep) Interdepartmental access,worksheet,positive,Communication & Collaboration,semantic,0.42766273021698
NBD,NBD Internal,Ways to mass enter data not through Hamer,worksheet,negative,Data Management & Visibility,keyword_low,2.0
NBD,NBD Internal,"eTax, IPS, AS400, Camino, etc. Too many to consolidate. Should be easier to access information from standard site",worksheet,negative,System Integration,keyword_semantic_agree,6.524524390697479
NBD,NBD Internal,"Old permit information hasn't been transferred. They've stopped storing insurances, surveys need better record storage",worksheet,positive,Records & Document Management,keyword_semantic_agree,9.2523712515831
NBD,NBD Internal,Something NBD/Law /Finance can all use,worksheet,negative,Reporting & Decision Support,semantic,0.33057981729507446
NBD,NBD Internal,"(to keep) Easy interface, can see whole story at once",worksheet,positive,System Integration,keyword_low,2.0
NBD,NBD Internal,(to keep) Tickle dates / reminders,worksheet,positive,Scheduling & Resource Management,keyword_semantic_agree,12.363107204437256
NBD,NBD Internal,(to keep) Ability to add / remove entry option at will,worksheet,positive,System Integration,semantic_fallback,0.16243204474449158
NBD,NBD Internal,(to keep) Ability to pull data from multiple cases at once,worksheet,positive,Data Management & Visibility,keyword,5.0
Assessment,Assessment,"As far as current use of IPS – don't know what we don't know. Before today, didn't know Rental Registry was in there. Didn't have a comprehensive training. Haven't gone down rabbit hole of looking at fines. Knowing what houses have stop work orders is helpful – that would be helpful",meeting_notes,positive,Training & Documentation,keyword,10.0
Assessment,Assessment,He would be curious to know of all the stop work orders how many go an obtain a permit?,meeting_notes,positive,Workflow & Business Processes,keyword_semantic_agree,6.2124558836221695
Assessment,Assessment,Would be interested to know of everyone that has a stop work order,meeting_notes,positive,Workflow & Business Processes,keyword_semantic_agree,4.206568866968155
Assessment,Assessment,Would be easier if IPS has building permits – forced to learn new system – [PERSON] completely depends on Joe for look ups in Camino – if we could go to one system and see everything that would be helpful,meeting_notes,positive,Case Management,keyword,6.0
Assessment,Assessment,IPS intuitive from their perspective,meeting_notes,positive,User Experience & Performance,keyword,5.0
BAA,BAA ALJs,Admin Aides and interns to do tracking to confirm service – ability to enter tracking number on each ticket and timer to set for 30 days – check tracking at USPS website and change status to yes serve and attach confirmation – ability to automate,meeting_notes,positive,Workflow & Business Processes,keyword,4.0
BAA,BAA ALJs,Email directly from application would be nice,meeting_notes,positive,Communication & Collaboration,semantic_fallback,0.13648824393749237
BAA,BAA ALJs,"Manually record everything – ability for application record, download and save the hearings",meeting_notes,positive,Case Management,keyword,6.0
BAA,BAA ALJs,"Way to have secure app with SSO for Codes to use on phones – if they need to upload photos or notes, they can do it on demand",meeting_notes,positive,Records & Document Management,keyword_semantic_agree,10.162007361650467
BAA,BAA ALJs,So they don't need to come back to the office at end of the day and do that,meeting_notes,positive,Workflow & Business Processes,semantic_fallback,0.2880150079727173
BAA,BAA ALJs,"May need real human being to double check that, but getting receipts",meeting_notes,positive,Records & Document Management,semantic_fallback,0.13833484053611755
BAA,BAA ALJs,Web of ownership not always as easy to unravel – but would be nice to extent possible we could see what ownership is,meeting_notes,positive,User Experience & Performance,keyword_low,2.0
BAA,BAA ALJs,Retain – color code is a good thing,meeting_notes,positive,User Experience & Performance,semantic_fallback,0.15498080849647522
BAA,BAA ALJs,By department and action,meeting_notes,positive,User Experience & Performance,keyword,4.0
BAA,BAA ALJs,Need inspection to mean actual investigation,meeting_notes,positive,Scheduling & Resource Management,keyword_low,3.0
BAA,BAA ALJs,educe use of windows – would be helpful.,meeting_notes,positive,User Experience & Performance,semantic,0.37371206283569336
BAA,BAA Operations,Likes MS Teams – makes it easier for hearings,meeting_notes,positive,Case Management,keyword,6.0
BAA,BAA Operations,Would be helpful for notifications within IPS,meeting_notes,positive,Communication & Collaboration,keyword,4.0
BAA,BAA Operations,Workflow – notify inspector of hearing date,meeting_notes,positive,Workflow & Business Processes,keyword,5.0
BAA,BAA Operations,Helpful to be able to see inspector availability in Outlook – not all of them maintain it,meeting_notes,positive,Scheduling & Resource Management,keyword,6.0
BAA,BAA Operations,"Constituent access – maybe not full access, but can see legal evidence they should have access to– public facing portal",meeting_notes,positive,Records & Document Management,keyword_semantic_agree,4.307993292808533
BAA,BAA Operations,Ability to submit documents,meeting_notes,positive,Training & Documentation,keyword,5.0
BAA,BAA Operations,Ability to search by owner – they may call with address but not case number,meeting_notes,positive,User Experience & Performance,keyword,4.0
BAA,BAA Operations,Public facing portal – explains that they should contact DOCE for the violations and the BAA for the fine – that they're too separate things – they don't know who to talk to,meeting_notes,positive,Case Management,keyword_semantic_agree,8.246511995792389
BAA,BAA Operations,Ability to batch add fees – have to add one-by-one,meeting_notes,positive,Workflow & Business Processes,keyword_semantic_agree,6.103266574442387
BAA,BAA Supervisors,[PERSON] Hearing/court system capabilities – ability for all parts of ticketing/adjudication process,meeting_notes,positive,Case Management,keyword,7.0
BAA,BAA Supervisors,[PERSON] Ability to link cases. Simple things like UI – if BAA inspections were a different color than Codes,meeting_notes,positive,Case Management,keyword_semantic_agree,12.376308858394623
BAA,BAA Supervisors,If mechanism where Codes inspector would be required to do something within the software maybe they wouldn't need to come every time,meeting_notes,positive,Case Management,keyword_low,2.0
BAA,BAA Supervisors,Codes has started emailing [PERSON] if there's a case they want – deny the referral – if there was something in system so Codes can remove the referral that would be ideal,meeting_notes,positive,Case Management,keyword,9.0
BAA,BAA Supervisors,Would like to be able to add certain actions:,meeting_notes,positive,User Experience & Performance,keyword,8.0
BAA,BAA Supervisors,Outstanding balance would be nice to be able to see at the top/property summary – filtering abilities,meeting_notes,positive,Records & Document Management,keyword_low,2.0
BAA,BAA Supervisors,If multiple rounds and still unpaid would be easier they were grouped,meeting_notes,positive,Data Management & Visibility,keyword_low,3.0
CPC,CPC,Looking up of outstanding violations – if you have an account for a property – outstanding balance of every violation at the property level – make it obvious what is outstanding and help reduce,meeting_notes,positive,Case Management,keyword,6.0
CPC,CPC,IPS system – in AIMS – property owner has outstanding balance – can look under license plate – can see 10 ticket and total balance of each ticket (at a glance over view + ability to print account summary for property – which would list each individual ticket with the corresponding balance) – then click into each and see individual status of each ticket,meeting_notes,positive,Case Management,keyword,7.0
CPC,CPC,At-a-glance/account summary – would be nice to have a cover sheet (still ability to drill down),meeting_notes,positive,Reporting & Decision Support,keyword_semantic_agree,2.319982558488846
CPC,CPC,Future system – would be helpful to have invoice generation capability,meeting_notes,positive,System Integration,semantic,0.3267603814601898
DOCE,CPO-Coordinators,Not enough visual urgency in Camino – IPS better at that as long as tickle date set for yourself,meeting_notes,positive,Scheduling & Resource Management,keyword,7.0
DOCE,Housing Inspectors,Sometimes waiting Generally IPS pretty is good,meeting_notes,positive,User Experience & Performance,semantic_fallback,0.218046635389328
DOCE,Housing Inspectors,Some things should be auto-populated,meeting_notes,positive,Scheduling & Resource Management,semantic_fallback,0.24463337659835815
IT,IT,Auditing capabilities Public facing view/access Ability to directly schedule inspections,meeting_notes,positive,Scheduling & Resource Management,keyword_semantic_agree,8.28568160533905
IT,IT,Payments for RR/CC applications occur in Camino – would intake move to future CE platform?,meeting_notes,positive,Workflow & Business Processes,keyword,4.0
NBD,NBD Internal,System for DSS resettlement referrals – would be helpful to have documented which agency placed them within the system – would be great to be all in one place to track more regularly,meeting_notes,positive,Case Management,keyword,5.0
NBD,NBD Internal,Viewing eTax amounts would be helpful – would need to be daily,meeting_notes,positive,System Integration,keyword_low,2.0
NBD,NBD Internal,"Tax trust, county compromise agreements – legal stuff we have no insight into would be helpful to see",meeting_notes,positive,Records & Document Management,semantic_fallback,0.21706503629684448
NBD,NBD Internal,Ideally a unified location for that,meeting_notes,positive,Communication & Collaboration,semantic_fallback,0.23541775345802307
NBD,NBD Internal,"Ability see # of vacants, # tax delinquent properties in different quadrants - could be helpful planning tool",meeting_notes,positive,Data Management & Visibility,semantic_fallback,0.2514277994632721
NBD,NBD Internal,Expanding to include spatial element – move toward more of proactive model,meeting_notes,positive,Communication & Collaboration,semantic_fallback,0.2517581582069397
NBD,NBD Internal,Abitility of better address look up. eg. Don't have address then look up street then narrow down to the right property.,meeting_notes,positive,Records & Document Management,keyword_semantic_agree,2.2130744606256485
NBD,NBD Internal,We need to know ownership and ownership history.,meeting_notes,positive,Data Management & Visibility,keyword_low,2.0
NBD,NBD Internal,"We should have full inventory of images of every property and do that as a census, it will be really valuable info. IPS would be good place to park that. City should have something like street image.",meeting_notes,positive,Records & Document Management,keyword_semantic_agree,4.289561897516251
NBD,NBD Internal,"Repository of history of properties would be great data source, when did something happen, what happen could be told by the pictures.",meeting_notes,positive,Data Management & Visibility,keyword,4.0
NBD,NBD Internal,Minimize windows – would be helpful.,meeting_notes,positive,User Experience & Performance,semantic_fallback,0.2588081955909729
OCHD,OCHD,Ideally cloud based system with ability to host multiples users simultaneously,meeting_notes,positive,Data Management & Visibility,keyword_low,3.0
OCHD,OCHD,"Ideally would be great if system listed commonly used reports with ability to put in parameters of query, prompt for 3-4 things. Dashboard would be helpful",meeting_notes,positive,Reporting & Decision Support,keyword_semantic_agree,13.561555922031403
OCHD,OCHD,"Possible to build in links to other information about the property? Hyperlink to other parts of the record e.g. sometimes see property is in Land Bank phase; water billing info; or highlight that a PO has designated a family member as responsible; special characteristics of property e.g. historic property, or in a flood plain with ability to search by attributes as well as view those attributes on a property – use case example: if targeting grants on SHPO properties",meeting_notes,positive,User Experience & Performance,keyword,4.0
OCHD,OCHD,"GIS mapping? Deb: Mapping is tricky have to protect identity of people associated with property, violation mapping would be different story",meeting_notes,positive,Case Management,keyword_low,3.0
OCHD,OCHD,"Would be wonderful for county to be able to view AS400 water billing records, read-only",meeting_notes,positive,Records & Document Management,keyword_semantic_agree,7.254635959863663
DOCE,Admin Aide,"Appreciates that within parcel, can click on button that brings directly to Image Mate with the owner address",meeting_notes,positive,Records & Document Management,keyword_semantic_agree,7.230386212468147
DOCE,Admin Aide,Dark mode for IPS? +2 Incredibly bright,meeting_notes,positive,System Integration,semantic_fallback,0.0990845113992691
DOCE,Admin Aide,Everything else runs pretty smoothly – mainly processing speed,meeting_notes,positive,Workflow & Business Processes,keyword,5.0
DOCE,Admin Aide,Technology Features you like/that work well,meeting_notes,positive,User Experience & Performance,semantic,0.5045889616012573
DOCE,Admin Aide,Likes periodics window for Rental Registry,meeting_notes,positive,Case Management,keyword,4.0
BAA,BAA Operations,Ability to organize by action type or department or,meeting_notes,positive,User Experience & Performance,keyword,4.0
BAA,BAA Operations,Very detailed within info to put int,meeting_notes,positive,Reporting & Decision Support,semantic_fallback,0.22971782088279724
BAA,BAA Operations,"Likes notes tab – nice that it's separate from action log and summary of everything – can see what round of ticketing they're on, round of ticket",meeting_notes,positive,User Experience & Performance,keyword,10.0
BAA,BAA Operations,"Likes how detailed the info we can input is – just the way more organized could be more visual – make it easier to find key information, latest note",meeting_notes,positive,Records & Document Management,keyword,6.0
BAA,BAA Operations,Likes when they search that you can see what's open and what's closed,meeting_notes,positive,User Experience & Performance,keyword,4.0
BAA,BAA Supervisors,"Service component – in a perfect world, BAA has nothing to do with service – ideally system helps Codes so they're the one doing the service (has to be certified mail and personal)",meeting_notes,positive,Workflow & Business Processes,keyword,6.0
DOCE,Building Inspectors,Will put reports to fire marshal and they will review and approve,meeting_notes,positive,Reporting & Decision Support,keyword,8.0
DOCE,Building Inspectors,Tablet that connects – idea is great,meeting_notes,positive,Communication & Collaboration,keyword,4.0
CPC,CPC,"Technology – Likes Many ways to search – address, owner name",meeting_notes,positive,User Experience & Performance,keyword,4.0
CPC,CPC,Likes ability to see pictures – helpful for verifying violations,meeting_notes,positive,Case Management,keyword,6.0
DOCE,Housing Inspectors,Lead map is helpful,meeting_notes,positive,System Integration,semantic_fallback,0.20663118362426758
IT,IT,Escalation is pretty fast with Edmunds – can always reach out directly to Reid,meeting_notes,positive,Communication & Collaboration,semantic_fallback,0.20083174109458923
IT,IT,See what kind of effort it's going to be,meeting_notes,positive,User Experience & Performance,semantic_fallback,0.1440049111843109
IT,IT,"Ideally, we have those historical records transformed into new system schema",meeting_notes,positive,Records & Document Management,keyword,7.0
NBD,NBD Internal,"Positives: Interface is intuitive, likes overview of property on page, ability for tickle dates and reminders (e.g. reminder to follow up on CA FP referrals) - helpful for code compliance and history – seeing deadlines and comply by dates",meeting_notes,positive,Scheduling & Resource Management,keyword,12.0
NBD,NBD Internal,Add/remove entry options to customize data entry,meeting_notes,positive,Data Management & Visibility,keyword_semantic_agree,5.218101322650909
NBD,NBD Internal,Pulling data from multiple cases is nice as well,meeting_notes,positive,Data Management & Visibility,keyword,5.0
NBD,NBD Internal,Technology – Likes All users can leave notes in Codes staff notes - helpful,meeting_notes,positive,Records & Document Management,keyword,6.0
OCHD,OCHD,Would love a universal database within county - one master property-based universe,meeting_notes,positive,Data Management & Visibility,keyword,4.0
OCHD,OCHD,"Images are immediately available after taken in field, can create a project or tag, view in real-time what inspectors are seeing, ability to share + more capabilities than they've even tapped into",meeting_notes,positive,Records & Document Management,keyword,4.0
OCHD,OCHD,"Teletask: Communication platform, allows to bulk text. Use it for testing appointments and reminders. Talking about incorporating to NYSRR for reminders for appointments. Ability to attach records for signing. WIC uses it extensively",meeting_notes,positive,Scheduling & Resource Management,keyword,9.0
OCHD,OCHD,Informative to help guide their work when looking to see what's involved on backend,meeting_notes,positive,Reporting & Decision Support,semantic,0.430319219827652
OCHD,OCHD,Look Before You Rent has been one of the best improvements made to make info available,meeting_notes,positive,Records & Document Management,semantic_fallback,0.1951572448015213
DOCE,Permit/Commercial/Electrical Inspectors,System to keep you appraised of that stuff – as good as your input is,meeting_notes,positive,User Experience & Performance,semantic_fallback,0.3097240626811981
DOCE,Permit/Commercial/Electrical Inspectors,"IPS – likes the format of it – when things are overdue, they turn red and don't go away",meeting_notes,positive,Scheduling & Resource Management,semantic_fallback,0.249803364276886
DOCE,Permit/Commercial/Electrical Inspectors,Likes the uploading of things and being able to see,meeting_notes,positive,User Experience & Performance,semantic_fallback,0.22783827781677246
DOCE,Permit/Commercial/Electrical Inspectors,There is a tab in Camino to just look at roofs – that is nice,meeting_notes,positive,User Experience & Performance,keyword_low,3.0
DOCE,Permit/Commercial/Electrical Inspectors,Ideally communication between all three would be great,meeting_notes,positive,Communication & Collaboration,keyword_semantic_agree,4.481382369995117
DOCE,Permit/Commercial/Electrical Inspectors,When you issue certificate – instantly notifies them which is a nice feature,meeting_notes,positive,Workflow & Business Processes,keyword_low,2.0
CPO,Permits,Suggested improvement Technology Likes Makes it clear what the final plans were,meeting_notes,positive,Records & Document Management,keyword,6.0
CPO,Permits,Address book – contractor database is helpful,meeting_notes,positive,Data Management & Visibility,keyword,4.0
CPO,Permits,In Camino can clearly see who did what step and who to call,meeting_notes,positive,System Integration,keyword_low,2.0
CPO,Permits,In a perfect world,meeting_notes,positive,Data Management & Visibility,semantic_fallback,0.030740385875105858
CPO,Permits,Applicants access to certificates in Camino – not something that's available – they don't have to wait for it to be mailed out,meeting_notes,positive,Workflow & Business Processes,keyword,4.0
DOCE,Zoning,Technology Likes/dislikes IPS does well: summary sheets for zoning comments – manually copy/paste reviewer comments (helpful that form is in IPS and does generate),meeting_notes,positive,Communication & Collaboration,keyword_low,3.0
DOCE,Zoning,Date management – status date,meeting_notes,positive,Scheduling & Resource Management,keyword_semantic_agree,2.3641519844532013
DOCE,Zoning,Likes ability to filter in Camino,meeting_notes,positive,Records & Document Management,keyword_low,2.0
