focus_group,expectations,processed_text,sentiment
CPO Central Permit Office,Unified Permit & Code Platform: Create a seamless connection between permit and code enforcement activities.,unified permit code platform create a seamless connection between permit and code enforcement activities,positive
CPO Central Permit Office,Shared Case Visibility: Allow permit reviewers and code staff to see related activities.,shared case visibility allow permit reviewers and code staff to see related activities,positive
CPO Central Permit Office,Automatic Workflow Triggers: Permit and violation activity should trigger notifications across systems.,automatic workflow triggers permit and violation activity should trigger notifications across systems,neutral
CPO Central Permit Office,"Integrated Property Records: Display permits, violations, certificates, and reviews in one place.",integrated property records display permits violations certificates and reviews in one place,neutral
CPO Central Permit Office,Single Property View: Consolidate all property information into a single record.,single property view consolidate all property information into a single record,neutral
CPO Central Permit Office,"Historical Data Accessibility: Make historical permits, violations, and certificates easier to access.",historical data accessibility make historical permits violations and certificates easier to access,neutral
CPO Central Permit Office,Improved Search Capabilities: Reduce time spent locating information.,improved search capabilities reduce time spent locating information,positive
CPO Central Permit Office,"Better Property Relationships: Display related permits, violations, and ownership information together.",better property relationships display related permits violations and ownership information together,neutral
CPO Central Permit Office,Review Status Tracking: Improve visibility into application review progress.,review status tracking improve visibility into application review progress,positive
CPO Central Permit Office,Applicant Status Visibility: Allow applicants to view permit status and review stages.,applicant status visibility allow applicants to view permit status and review stages,positive
CPO Central Permit Office,"Automated Notifications: Notify applicants, reviewers, and inspectors of important updates.",automated notifications notify applicants reviewers and inspectors of important updates,positive
CPO Central Permit Office,Integrated Reporting: Improve permit tracking and reporting capabilities.,integrated reporting improve permit tracking and reporting capabilities,positive
CPO Central Permit Office,Single Source of Truth: Eliminate the need to use multiple applications and databases.,single source of truth eliminate the need to use multiple applications and databases,positive
CPO Central Permit Office,Consolidated Documentation: Store all permit-related information in a centralized repository.,consolidated documentation store all permit related information in a centralized repository,neutral
CPO Central Permit Office,Improved Historical Research: Reduce dependence on legacy systems and microfilm.,improved historical research reduce dependence on legacy systems and microfilm,positive
CPO Central Permit Office,Customizable User Views: Allow users to configure screens and workflows based on role.,customizable user views allow users to configure screens and workflows based on role,positive
CPO Central Permit Office,Enhanced Alerts & Notifications: Provide proactive reminders and workflow alerts.,enhanced alerts notifications provide proactive reminders and workflow alerts,positive
CPO Central Permit Office,"Improved Document Management: Better handling of plans, reviews, and permit documentation.",improved document management better handling of plans reviews and permit documentation,positive
CPO Central Permit Office,"Role-Based Dashboards: Provide permit coordinators, managers, and reviewers with tailored views.",role based dashboards provide permit coordinators managers and reviewers with tailored views,neutral
CPO Central Permit Office,Contractor Dashboard: Better visibility into contractor information and insurance records.,contractor dashboard better visibility into contractor information and insurance records,positive
CPO Central Permit Office,Configurable Reporting: Support permit metrics and operational reporting.,configurable reporting support permit metrics and operational reporting,positive
CPO Central Permit Office,Audit & User Tracking: Improve tracking of user actions and system activity.,audit user tracking improve tracking of user actions and system activity,positive
CPO Central Permit Office,Integrated Mapping & Property Data: Connect permitting workflows with parcel and property information.,integrated mapping property data connect permitting workflows with parcel and property information,neutral
CPO Central Permit Office,"Cross-Department Workflow Integration: Improve coordination among Permits, Code Enforcement, Fire, DPW, and other reviewers.",cross department workflow integration improve coordination among permits code enforcement fire dpw and other reviewers,positive
CPO Central Permit Office,Shared Review Visibility: Allow all stakeholders to view review progress and comments.,shared review visibility allow all stakeholders to view review progress and comments,positive
CPO Central Permit Office,Improved Communication Tools: Reduce reliance on manual follow-up and spreadsheets.,improved communication tools reduce reliance on manual follow up and spreadsheets,positive
BAA BAA Supervisors,"Automated Ticket Processing: Automate ticket creation, hearing preparation, payments, appeals, and administrative workflows.",automated ticket processing automate ticket creation hearing preparation payments appeals and administrative workflows,positive
BAA BAA Supervisors,"Linked Property Cases: Automatically link all violations, complaints, hearings, and tickets associated with the same property or owner.",linked property cases automatically link all violations complaints hearings and tickets associated with the same property or owner,neutral
BAA BAA Supervisors,"Improved Evidence Management: Provide a centralized repository for inspection photographs, documents, hearing evidence, and supporting materials.",improved evidence management provide a centralized repository for inspection photographs documents hearing evidence and supporting materials,positive
BAA BAA Supervisors,"Enhanced Search Capabilities: Improve searching by owner, LLC, parcel, address, and tax ID while providing more reliable reports.",enhanced search capabilities improve searching by owner llc parcel address and tax id while providing more reliable reports,positive
BAA BAA Supervisors,Integrated Payment Management: Link payments directly to specific violations and improve payment tracking across cases.,integrated payment management link payments directly to specific violations and improve payment tracking across cases,neutral
BAA BAA Supervisors,"Simplified User Experience: Reduce unnecessary actions, improve case navigation, color-code BAA activities, and make notes more accessible.",simplified user experience reduce unnecessary actions improve case navigation color code baa activities and make notes more accessible,positive
BAA BAA Supervisors,"Online Constituent Portal: Allow property owners to view evidence, dispute violations, schedule hearings, submit appeals, and make payments through an online portal.",online constituent portal allow property owners to view evidence dispute violations schedule hearings submit appeals and make payments through an online portal,neutral
BAA BAA Supervisors,"Standardized Documentation Practices: Improve consistency in inspector documentation, photographs, evidence submission, and case notes before hearings.",standardized documentation practices improve consistency in inspector documentation photographs evidence submission and case notes before hearings,positive
BAA BAA Supervisors,"Improved Constituent Experience: Provide clearer communication, easier payment options, real-time case status, and self-service capabilities for property owners.",improved constituent experience provide clearer communication easier payment options real time case status and self service capabilities for property owners,positive
BAA BAA Supervisors,"Improved Interdepartmental Coordination: Strengthen communication and information sharing between BAA, Code Enforcement, Common Counsel, and CPC.",improved interdepartmental coordination strengthen communication and information sharing between baa code enforcement common counsel and cpc,positive
BAA BAA Supervisors,"Hearing Management: Support online dispute resolution, virtual hearings, automated scheduling, and streamlined appeal processes.",hearing management support online dispute resolution virtual hearings automated scheduling and streamlined appeal processes,neutral
CPO CPO Co-Ordinator,Simplified Application Management: Easier case administration and processing.,simplified application management easier case administration and processing,positive
CPO CPO Co-Ordinator,Custom Certificate Generation: More flexible certificate templates and outputs.,custom certificate generation more flexible certificate templates and outputs,positive
CPO CPO Co-Ordinator,Automated Renewal Management: Automatically generate renewal notices and letters.,automated renewal management automatically generate renewal notices and letters,neutral
CPO CPO Co-Ordinator,"Improved Expiration Tracking: Better monitoring of licenses, certificates, and registrations.",improved expiration tracking better monitoring of licenses certificates and registrations,positive
CPO CPO Co-Ordinator,Enhanced Ownership Management: Reduce duplicate ownership records and maintenance.,enhanced ownership management reduce duplicate ownership records and maintenance,neutral
CPO CPO Co-Ordinator,Automatic Renewal Letters: Reduce manual notice generation.,automatic renewal letters reduce manual notice generation,neutral
CPO CPO Co-Ordinator,Workflow Automation: Improve routing and processing activities.,workflow automation improve routing and processing activities,positive
CPO CPO Co-Ordinator,Improved Scheduling Tools: Better inspection scheduling and tracking functionality.,improved scheduling tools better inspection scheduling and tracking functionality,positive
CPO CPO Co-Ordinator,Notification Queues: Automatically route tasks and communications.,notification queues automatically route tasks and communications,neutral
CPO CPO Co-Ordinator,"Improved Search Capabilities: Simplify ownership, parcel, and address research.",improved search capabilities simplify ownership parcel and address research,positive
CPO CPO Co-Ordinator,Better Application Visibility: Improve visibility into application and certificate status.,better application visibility improve visibility into application and certificate status,positive
CPO CPO Co-Ordinator,"Retain Existing Strengths: Preserve IPS capabilities for scheduling, certificate generation, and record keeping.",retain existing strengths preserve ips capabilities for scheduling certificate generation and record keeping,positive
CPO CPO Co-Ordinator,Full IPS-Camino Integration: Eliminate duplicate entry between systems.,full ips camino integration eliminate duplicate entry between systems,neutral
CPO CPO Co-Ordinator,"Unified Application Platform: Connect licensing, registry, certificate, scheduling, and permitting functions.",unified application platform connect licensing registry certificate scheduling and permitting functions,positive
CPO CPO Co-Ordinator,Centralized Property Records: Create a single source of truth for property and application information.,centralized property records create a single source of truth for property and application information,positive
CPO CPO Co-Ordinator,Applicant Self-Scheduling: Allow applicants to schedule inspections online.,applicant self scheduling allow applicants to schedule inspections online,positive
CPO CPO Co-Ordinator,Calendar Integration: Synchronize inspection schedules with Outlook.,calendar integration synchronize inspection schedules with outlook,neutral
CPO CPO Co-Ordinator,Real-Time Scheduling Visibility: Improve transparency for staff and applicants.,real time scheduling visibility improve transparency for staff and applicants,positive
CPO CPO Co-Ordinator,Applicant Status Visibility: Allow applicants to track application progress.,applicant status visibility allow applicants to track application progress,positive
CPO CPO Co-Ordinator,Automated Notifications: Improve communication through automated updates and reminders.,automated notifications improve communication through automated updates and reminders,positive
CPO CPO Co-Ordinator,"Improved Applicant Experience: Simplify interactions with licensing, certificates, and registry processes.",improved applicant experience simplify interactions with licensing certificates and registry processes,positive
CPO CPO Co-Ordinator,Reduced Spreadsheet Usage: Replace manual tracking tools.,reduced spreadsheet usage replace manual tracking tools,neutral
CPO CPO Co-Ordinator,Improved Reporting: Enhance operational reporting and monitoring.,improved reporting enhance operational reporting and monitoring,positive
CPO CPO Co-Ordinator,Streamlined Certificate Processing: Improve issuance and renewal workflows.,streamlined certificate processing improve issuance and renewal workflows,positive
CPO CPO Co-Ordinator,"Integrated Licensing & Registry Processes: Connect licensing, registry, scheduling, and certificate activities into a unified workflow.",integrated licensing registry processes connect licensing registry scheduling and certificate activities into a unified workflow,positive
DOCE Building Inspectors,"Single Property View: Access ownership, permits, zoning, water, elevator, sprinkler, and enforcement information from one location.",single property view access ownership permits zoning water elevator sprinkler and enforcement information from one location,neutral
DOCE Building Inspectors,"Integrated Third-Party Certifications: Make sprinkler, elevator, HVAC, boiler, and fire system certifications accessible within inspection cases.",integrated third party certifications make sprinkler elevator hvac boiler and fire system certifications accessible within inspection cases,positive
DOCE Building Inspectors,Improved Parcel History: Better visibility into related cases and property history.,improved parcel history better visibility into related cases and property history,positive
DOCE Building Inspectors,Consolidated Ownership Records: Eliminate duplicate ownership records and inconsistencies.,consolidated ownership records eliminate duplicate ownership records and inconsistencies,neutral
DOCE Building Inspectors,Improved Case Search: Make finding cases faster and easier.,improved case search make finding cases faster and easier,positive
DOCE Building Inspectors,"Cross-Department Visibility: Display updates from Fire, Zoning, Law, and BAA within inspection cases.",cross department visibility display updates from fire zoning law and baa within inspection cases,neutral
DOCE Building Inspectors,Improved Reminder Management: Better tracking and visibility of tickle dates.,improved reminder management better tracking and visibility of tickle dates,positive
DOCE Building Inspectors,Comprehensive Case View: Show all related property information within a single screen.,comprehensive case view show all related property information within a single screen,positive
DOCE Building Inspectors,Greater Stability: Reduce crashes and system interruptions.,greater stability reduce crashes and system interruptions,neutral
DOCE Building Inspectors,Faster Performance: Improve loading times and responsiveness.,faster performance improve loading times and responsiveness,positive
DOCE Building Inspectors,More Reliable Data Storage: Prevent loss of entered information.,more reliable data storage prevent loss of entered information,neutral
DOCE Building Inspectors,Modern Tablets: Replace outdated tablets with reliable devices.,modern tablets replace outdated tablets with reliable devices,neutral
DOCE Building Inspectors,Mobile IPS Application: Enable inspectors to complete inspections entirely in the field.,mobile ips application enable inspectors to complete inspections entirely in the field,neutral
DOCE Building Inspectors,iPhone Compatibility: Provide a mobile application that works on iPhones.,iphone compatibility provide a mobile application that works on iphones,neutral
DOCE Building Inspectors,Real-Time Data Access: Allow inspectors to access and update cases from anywhere.,real time data access allow inspectors to access and update cases from anywhere,positive
DOCE Building Inspectors,Field Citation Capability: Create violations and complete documentation without returning to the office.,field citation capability create violations and complete documentation without returning to the office,neutral
DOCE Building Inspectors,One System for Everything: Reduce dependency on multiple systems.,one system for everything reduce dependency on multiple systems,neutral
DOCE Building Inspectors,"Integrated Permit & Enforcement Records: Combine permit, zoning, inspection, and enforcement information.",integrated permit enforcement records combine permit zoning inspection and enforcement information,neutral
DOCE Building Inspectors,Centralized Property Information: Eliminate the need to research across multiple databases.,centralized property information eliminate the need to research across multiple databases,neutral
DOCE Building Inspectors,"Better Interdepartmental Communication: Improve communication between Building, Fire, Zoning, Law, BAA, and Permits.",better interdepartmental communication improve communication between building fire zoning law baa and permits,positive
DOCE Building Inspectors,Faster Zone Check Process: Improve zoning review turnaround times.,faster zone check process improve zoning review turnaround times,positive
DOCE Building Inspectors,Improved Status Updates: Provide automatic updates when related departments complete work.,improved status updates provide automatic updates when related departments complete work,positive
DOCE Building Inspectors,Better Permit Coordination: Improve visibility into permit requirements and approvals.,better permit coordination improve visibility into permit requirements and approvals,positive
DOCE Building Inspectors,Elevator Certification Access: Ability to quickly verify elevator certification status.,elevator certification access ability to quickly verify elevator certification status,positive
DOCE Building Inspectors,Sprinkler Report Access: Access to sprinkler inspection reports and compliance records.,sprinkler report access access to sprinkler inspection reports and compliance records,neutral
DOCE Building Inspectors,Water Certification Access: Visibility into water usage and water certification information.,water certification access visibility into water usage and water certification information,neutral
DOCE Building Inspectors,Compliance Engine Integration: Direct access to third-party inspection and compliance data.,compliance engine integration direct access to third party inspection and compliance data,positive
DOCE CommercialPermitElectrical Inspectors,"Real-Time Field Access: Ability to access, update, and modify cases while in the field.",real time field access ability to access update and modify cases while in the field,positive
DOCE CommercialPermitElectrical Inspectors,Mobile Case Management: Support inspection documentation from mobile devices.,mobile case management support inspection documentation from mobile devices,positive
DOCE CommercialPermitElectrical Inspectors,Improved Documentation Tools: Better support for inspection notes and permit documentation.,improved documentation tools better support for inspection notes and permit documentation,positive
DOCE CommercialPermitElectrical Inspectors,Integrated Scheduling: Connect inspection scheduling with case management.,integrated scheduling connect inspection scheduling with case management,neutral
DOCE CommercialPermitElectrical Inspectors,Faster Search Capabilities: Quickly locate project and permit information.,faster search capabilities quickly locate project and permit information,neutral
DOCE CommercialPermitElectrical Inspectors,Centralized Case Information: Consolidate project history and inspection records.,centralized case information consolidate project history and inspection records,neutral
DOCE CommercialPermitElectrical Inspectors,Permit Visibility: Improve visibility into permit-related activities and assignments.,permit visibility improve visibility into permit related activities and assignments,positive
DOCE CommercialPermitElectrical Inspectors,"Inspection Tracking: Continue the ability to track failed or ""kick-out"" inspections.",inspection tracking continue the ability to track failed or kick out inspections,neutral
DOCE CommercialPermitElectrical Inspectors,Future Follow-Up Tracking: Maintain tickler and reminder functionality.,future follow up tracking maintain tickler and reminder functionality,neutral
DOCE CommercialPermitElectrical Inspectors,Project Status Monitoring: Better visibility into active and pending projects.,project status monitoring better visibility into active and pending projects,positive
DOCE CommercialPermitElectrical Inspectors,Mobile Inspection Application: Complete inspections entirely from the field.,mobile inspection application complete inspections entirely from the field,neutral
DOCE CommercialPermitElectrical Inspectors,Photo & Video Integration: Capture and upload inspection documentation directly from mobile devices.,photo video integration capture and upload inspection documentation directly from mobile devices,neutral
DOCE CommercialPermitElectrical Inspectors,Offline Capability: Allow inspections to continue without internet connectivity.,offline capability allow inspections to continue without internet connectivity,positive
DOCE CommercialPermitElectrical Inspectors,Field-Based Certificate Issuance: Support approvals and documentation from inspection sites.,field based certificate issuance support approvals and documentation from inspection sites,positive
DOCE CommercialPermitElectrical Inspectors,Camino-Outlook Integration: Automatically synchronize inspections scheduled in Camino with Outlook calendars.,camino outlook integration automatically synchronize inspections scheduled in camino with outlook calendars,neutral
DOCE CommercialPermitElectrical Inspectors,Unified Scheduling Platform: Eliminate duplicate scheduling activities.,unified scheduling platform eliminate duplicate scheduling activities,positive
DOCE CommercialPermitElectrical Inspectors,Automated Reminders: Create reminders for future inspections and contractor follow-up.,automated reminders create reminders for future inspections and contractor follow up,positive
DOCE CommercialPermitElectrical Inspectors,Tickler Date Functionality: Add reminder dates and follow-up tracking directly within permit workflows.,tickler date functionality add reminder dates and follow up tracking directly within permit workflows,neutral
DOCE CommercialPermitElectrical Inspectors,"Integrated Permit Workflow: Connect permitting, inspections, and enforcement into one workflow.",integrated permit workflow connect permitting inspections and enforcement into one workflow,neutral
DOCE CommercialPermitElectrical Inspectors,Better Contractor Communication: Improve communication tools and contractor notifications.,better contractor communication improve communication tools and contractor notifications,positive
DOCE CommercialPermitElectrical Inspectors,Project Lifecycle Tracking: Track projects from permit issuance through completion.,project lifecycle tracking track projects from permit issuance through completion,neutral
DOCE CommercialPermitElectrical Inspectors,Improved Address Management: Standardize and validate address information.,improved address management standardize and validate address information,positive
DOCE CommercialPermitElectrical Inspectors,Improved User Training: Provide more comprehensive training for Camino and permit workflows.,improved user training provide more comprehensive training for camino and permit workflows,positive
DOCE CommercialPermitElectrical Inspectors,"Better Cross-Team Coordination: Improve coordination among Permit Office, inspectors, contractors, and Code Enforcement.",better cross team coordination improve coordination among permit office inspectors contractors and code enforcement,positive
DOCE CommercialPermitElectrical Inspectors,Standardized Processes: Establish consistent workflows across permit disciplines.,standardized processes establish consistent workflows across permit disciplines,neutral
DOCE CommercialPermitElectrical Inspectors,Qualified Staffing & Knowledge Transfer: Improve onboarding and training for specialized inspection roles.,qualified staffing knowledge transfer improve onboarding and training for specialized inspection roles,positive
CPC CPC,"Improved Search Capabilities: Search by address, owner, parcel, violation number, ticket number, permit number, or account records from a single search.",improved search capabilities search by address owner parcel violation number ticket number permit number or account records from a single search,positive
CPC CPC,Separated Violation Records: Clearly distinguish BAA tickets from Code Enforcement violations within IPS.,separated violation records clearly distinguish baa tickets from code enforcement violations within ips,neutral
CPC CPC,"Real-Time Data Updates: Ensure violations, payments, and parcel information update automatically across systems.",real time data updates ensure violations payments and parcel information update automatically across systems,neutral
CPC CPC,"Integrated Financial Information: Display payment history, outstanding balances, tax searches, and financial records in one location.",integrated financial information display payment history outstanding balances tax searches and financial records in one location,positive
CPC CPC,Reduced Duplicate Data Entry: Eliminate repetitive entry across IPS and other systems.,reduced duplicate data entry eliminate repetitive entry across ips and other systems,neutral
CPC CPC,"Improved Case Visibility: Provide a complete parcel and property view that includes violations, permits, payments, certificates, and tax information.",improved case visibility provide a complete parcel and property view that includes violations permits payments certificates and tax information,neutral
CPC CPC,Simplified Navigation: Reduce the need to switch between multiple applications during customer service activities.,simplified navigation reduce the need to switch between multiple applications during customer service activities,neutral
CPC CPC,"System Consolidation: Integrate AIMS, Invoice Cloud, eTax, AS400, and IPS into a unified workflow.",system consolidation integrate aims invoice cloud etax as and ips into a unified workflow,positive
CPC CPC,"Automated Financial Processes: Automate payment reconciliation, collections, reporting, and financial updates.",automated financial processes automate payment reconciliation collections reporting and financial updates,neutral
CPC CPC,"Single Source of Truth: Provide one authoritative record for property, parcel, payment, permit, and violation information across all departments.",single source of truth provide one authoritative record for property parcel payment permit and violation information across all departments,neutral
CPC CPC,"Improved Interdepartmental Coordination: Improve communication and information sharing between CPC, BAA, Finance, Law, and Code Enforcement.",improved interdepartmental coordination improve communication and information sharing between cpc baa finance law and code enforcement,positive
CPC CPC,"Improved Public Experience: Enable staff to answer public questions quickly using complete, accurate information from one system.",improved public experience enable staff to answer public questions quickly using complete accurate information from one system,positive
CPC CPC,"Enhanced Administrative Efficiency: Streamline tax searches, board files, certificates, and payment processing to reduce manual effort.",enhanced administrative efficiency streamline tax searches board files certificates and payment processing to reduce manual effort,positive
NBD NBD Internal,Improved Referral Management: Better support ERP referrals by identifying referral sources and automating referral workflows.,improved referral management better support erp referrals by identifying referral sources and automating referral workflows,positive
NBD NBD Internal,"Enhanced Search Capabilities: Improve searching for addresses, ownership, neighborhood information, and related cases.",enhanced search capabilities improve searching for addresses ownership neighborhood information and related cases,positive
NBD NBD Internal,Improved Case History: Present case information in a clear chronological order.,improved case history present case information in a clear chronological order,positive
NBD NBD Internal,Better Contact Management: Improve contact records and reduce duplicate address book entries.,better contact management improve contact records and reduce duplicate address book entries,positive
NBD NBD Internal,Improved Cross-Case Visibility: Allow users to view related information across multiple cases from a single location.,improved cross case visibility allow users to view related information across multiple cases from a single location,positive
NBD NBD Internal,Workflow Automation: Reduce manual data entry and automate repetitive program tasks.,workflow automation reduce manual data entry and automate repetitive program tasks,neutral
NBD NBD Internal,Geographic Property View: Provide geographic visualization of nearby properties and neighborhood activity within the system.,geographic property view provide geographic visualization of nearby properties and neighborhood activity within the system,neutral
NBD NBD Internal,System Consolidation: Reduce the number of separate systems needed to complete property research and program administration.,system consolidation reduce the number of separate systems needed to complete property research and program administration,positive
NBD NBD Internal,"Improved Interdepartmental Collaboration: Improve information sharing between NBD, Code Enforcement, Assessment, Finance, Law, and other City departments.",improved interdepartmental collaboration improve information sharing between nbd code enforcement assessment finance law and other city departments,positive
NBD NBD Internal,"Integrated Property Information: Create a single location for ownership, tax, permits, violations, redevelopment history, and housing program information.",integrated property information create a single location for ownership tax permits violations redevelopment history and housing program information,neutral
NBD NBD Internal,Better Data Sharing: Improve access to County and external property data.,better data sharing improve access to county and external property data,positive
NBD NBD Internal,Enhanced Reporting: Improve reporting and analysis capabilities for neighborhood planning and housing programs.,enhanced reporting improve reporting and analysis capabilities for neighborhood planning and housing programs,positive
NBD NBD Internal,Improved Record Management: Better organize historical property and redevelopment records while preserving program history.,improved record management better organize historical property and redevelopment records while preserving program history,positive
Assessment Assessment Supervisors,Improved Historical Records: Maintain comprehensive historical permit and property records that reduce the need to search multiple systems.,improved historical records maintain comprehensive historical permit and property records that reduce the need to search multiple systems,positive
Assessment Assessment Supervisors,"Integrated Property Information: Better integrate historical permits, certificates, surveys, and property documentation into one location.",integrated property information better integrate historical permits certificates surveys and property documentation into one location,positive
Assessment Assessment Supervisors,Improved Document Viewing: Improve the ability to view large plans and historical documents within the system.,improved document viewing improve the ability to view large plans and historical documents within the system,positive
Assessment Assessment Supervisors,Improved Property Research: Reduce the amount of searching required across multiple sources when researching property history.,improved property research reduce the amount of searching required across multiple sources when researching property history,positive
Assessment Assessment Supervisors,Improved Parcel Information: Improve access to parcel history following resubdivisions.,improved parcel information improve access to parcel history following resubdivisions,positive
Assessment Assessment Supervisors,Improved Department Coordination: Continue improving coordination with Engineering and other departments involved in property information.,improved department coordination continue improving coordination with engineering and other departments involved in property information,positive
DOCE Admin Aide,Automatically synchronize inspection schedules between IPS and Outlook.,automatically synchronize inspection schedules between ips and outlook,neutral
DOCE Admin Aide,Improve scheduling coordination for inspections involving multiple departments.,improve scheduling coordination for inspections involving multiple departments,positive
DOCE Admin Aide,Streamline the Periodic Inspection module.,streamline the periodic inspection module,neutral
DOCE Admin Aide,Improve search functionality for cases and properties.,improve search functionality for cases and properties,positive
DOCE Admin Aide,Make Parcel History easier to navigate for large properties.,make parcel history easier to navigate for large properties,positive
DOCE Admin Aide,Improve visibility of case notes and attachments.,improve visibility of case notes and attachments,positive
DOCE Admin Aide,Auto-populate commonly used complaint and inspection information.,auto populate commonly used complaint and inspection information,neutral
DOCE Admin Aide,Reduce repetitive manual data entry.,reduce repetitive manual data entry,neutral
DOCE Admin Aide,Improve attachment management and document uploads.,improve attachment management and document uploads,positive
DOCE Admin Aide,Provide more consistent user interface behavior.,provide more consistent user interface behavior,neutral
DOCE Admin Aide,Reduce crashes and memory-related errors.,reduce crashes and memory related errors,neutral
DOCE Admin Aide,Improve loading and response times.,improve loading and response times,positive
DOCE Admin Aide,Support multitasking without affecting system stability.,support multitasking without affecting system stability,positive
DOCE Admin Aide,Reduce reliance on multiple disconnected systems.,reduce reliance on multiple disconnected systems,neutral
DOCE Admin Aide,"Improve integration between IPS, Camino, GIS, and AS400.",improve integration between ips camino gis and as,positive
DOCE Admin Aide,Create a more unified view of property and inspection information.,create a more unified view of property and inspection information,positive
DOCE Admin Aide,Eliminate duplicate data entry where possible.,eliminate duplicate data entry where possible,neutral
DOCE Admin Aide,Improve access to ownership and property information.,improve access to ownership and property information,positive
DOCE Admin Aide,Make relevant property information easier to locate and verify.,make relevant property information easier to locate and verify,positive
DOCE Admin Aide,Add spell-check and grammar-check functionality.,add spell check and grammar check functionality,neutral
DOCE Admin Aide,Improve visual organization of records and attachments.,improve visual organization of records and attachments,positive
DOCE Admin Aide,Support dark mode and modern user interface features.,support dark mode and modern user interface features,positive
DOCE Admin Aide,Make frequently used information easier to identify and access.,make frequently used information easier to identify and access,positive
DOCE Admin Aide,Resolve phone system issues causing dropped calls.,resolve phone system issues causing dropped calls,positive
DOCE Admin Aide,Improve communication tools for public interactions.,improve communication tools for public interactions,positive
DOCE Admin Aide,Better support high-volume scheduling and customer service activities.,better support high volume scheduling and customer service activities,positive
DOCE Supervisors,Automated Case Alerts: Alert supervisors when cases become inactive.,automated case alerts alert supervisors when cases become inactive,positive
DOCE Supervisors,"Missed Case Identification: Automatically identify cases lacking inspection dates, assignments, or follow-up actions.",missed case identification automatically identify cases lacking inspection dates assignments or follow up actions,neutral
DOCE Supervisors,Improved Case Tracking: Better visibility into case status and workflow progression.,improved case tracking better visibility into case status and workflow progression,positive
DOCE Supervisors,Case Cleanup Tools: Ability to close and manage large volumes of historical cases.,case cleanup tools ability to close and manage large volumes of historical cases,positive
DOCE Supervisors,"Single Parcel View: Consolidate permits, violations, zoning records, tax information, ownership records, and historical data into a unified property record.",single parcel view consolidate permits violations zoning records tax information ownership records and historical data into a unified property record,neutral
DOCE Supervisors,Improved Parcel History: Better display and organization of parcel-related information.,improved parcel history better display and organization of parcel related information,positive
DOCE Supervisors,Integrated Property Research: Allow users to conduct comprehensive property research from a single screen.,integrated property research allow users to conduct comprehensive property research from a single screen,positive
DOCE Supervisors,Enhanced Reporting: More powerful reporting and dashboard capabilities.,enhanced reporting more powerful reporting and dashboard capabilities,positive
DOCE Supervisors,"Trend Analysis: Ability to identify patterns, recurring offenders, and enforcement trends.",trend analysis ability to identify patterns recurring offenders and enforcement trends,neutral
DOCE Supervisors,Performance Metrics: Better operational monitoring and workload analysis.,performance metrics better operational monitoring and workload analysis,positive
DOCE Supervisors,Simplified Navigation: Reduce complexity and training requirements.,simplified navigation reduce complexity and training requirements,neutral
DOCE Supervisors,Role-Based Dashboards: Tailored views for supervisors and managers.,role based dashboards tailored views for supervisors and managers,neutral
DOCE Supervisors,Batch Processing: Ability to update and manage multiple cases simultaneously.,batch processing ability to update and manage multiple cases simultaneously,positive
DOCE Supervisors,Centralized Platform: Reduce reliance on multiple systems.,centralized platform reduce reliance on multiple systems,neutral
DOCE Supervisors,"Unified Database: Consolidate IPS, Camino, AS400, OnBase, GIS, and historical records.",unified database consolidate ips camino as onbase gis and historical records,positive
DOCE Supervisors,Enterprise Data Management: Establish a single source of truth for all property information.,enterprise data management establish a single source of truth for all property information,positive
DOCE Supervisors,Enterprise GIS Connectivity: Direct integration with County GIS and parcel data.,enterprise gis connectivity direct integration with county gis and parcel data,neutral
DOCE Supervisors,Parcel-Centric Design: Build workflows around parcel-level information.,parcel centric design build workflows around parcel level information,neutral
DOCE Supervisors,"AI-Assisted Research: Use AI to locate related properties, permits, violations, and ownership information.",ai assisted research use ai to locate related properties permits violations and ownership information,neutral
DOCE Supervisors,AI Reporting: Automatically generate summaries and trend analysis.,ai reporting automatically generate summaries and trend analysis,neutral
DOCE Supervisors,AI Data Discovery: Improve access to historical information and records.,ai data discovery improve access to historical information and records,positive
DOCE Supervisors,Cloud-Based Access: Allow users to access information from anywhere.,cloud based access allow users to access information from anywhere,positive
DOCE Supervisors,Mobile Functionality: Support field-based work from phones and tablets.,mobile functionality support field based work from phones and tablets,positive
DOCE Supervisors,Real-Time Updates: Ensure information is immediately available across departments.,real time updates ensure information is immediately available across departments,positive
DOCE Supervisors,"Cross-Department Visibility: Shared access for Code Enforcement, Fire, Zoning, BAA, Law, and Permits.",cross department visibility shared access for code enforcement fire zoning baa law and permits,neutral
DOCE Supervisors,Improved Workflow Integration: Eliminate duplicate work and disconnected processes.,improved workflow integration eliminate duplicate work and disconnected processes,positive
DOCE Supervisors,"Historical Data Migration: Consolidate microfiche, scanned records, shared drives, and legacy systems into a single environment.",historical data migration consolidate microfiche scanned records shared drives and legacy systems into a single environment,positive
DOCE Supervisors,"Modern, User-Friendly Platform: Easier to use than current systems.",modern user friendly platform easier to use than current systems,positive
DOCE Supervisors,"Scalable Architecture: Support future technologies, analytics, and operational growth.",scalable architecture support future technologies analytics and operational growth,positive
DOCE Supervisors,"Comprehensive Property Lifecycle Management: Track a property from permit application through enforcement, compliance, and historical record retention.",comprehensive property lifecycle management track a property from permit application through enforcement compliance and historical record retention,positive
DOCE Zoning,"Unified Property History: Provide a single property view containing zoning history, permits, ownership records, parcel history, and previous approvals.",unified property history provide a single property view containing zoning history permits ownership records parcel history and previous approvals,positive
DOCE Zoning,"Improved Search Capabilities: Enhance search functionality for parcels, addresses, projects, and historical zoning records.",improved search capabilities enhance search functionality for parcels addresses projects and historical zoning records,positive
DOCE Zoning,"Integrated Historical Records: Consolidate IPS, Camino, OnBase, and legacy records into one searchable repository.",integrated historical records consolidate ips camino onbase and legacy records into one searchable repository,neutral
DOCE Zoning,"Enhanced Workflow Visibility: Improve application tracking, project status visibility, and review coordination.",enhanced workflow visibility improve application tracking project status visibility and review coordination,positive
DOCE Zoning,"Improved User Experience: Simplify navigation while preserving valuable IPS features such as parcel history, comments, and project timelines.",improved user experience simplify navigation while preserving valuable ips features such as parcel history comments and project timelines,positive
DOCE Zoning,System Consolidation: Reduce reliance on legacy systems and physical archives by digitizing historical records.,system consolidation reduce reliance on legacy systems and physical archives by digitizing historical records,neutral
DOCE Zoning,"Improved Interdepartmental Collaboration: Strengthen coordination between Zoning, CPO, Code Enforcement, Fire, Engineering, and other reviewing departments.",improved interdepartmental collaboration strengthen coordination between zoning cpo code enforcement fire engineering and other reviewing departments,positive
DOCE Zoning,Enhanced Reporting & GIS Integration: Expand GIS capabilities and provide better reporting and dashboards for zoning projects.,enhanced reporting gis integration expand gis capabilities and provide better reporting and dashboards for zoning projects,positive
DOCE Zoning,Earlier Zoning Review: Integrate zoning reviews earlier into permit and Certificate of Use workflows.,earlier zoning review integrate zoning reviews earlier into permit and certificate of use workflows,neutral
DOCE Zoning,Better Applicant Communication: Improve transparency by providing applicants with easier access to project status and zoning information.,better applicant communication improve transparency by providing applicants with easier access to project status and zoning information,positive
DOCE Office Manager,Single ownership record per owner or organization.,single ownership record per owner or organization,neutral
DOCE Office Manager,Automatic synchronization of ownership updates across IPS tabs.,automatic synchronization of ownership updates across ips tabs,neutral
DOCE Office Manager,Better visualization of ownership relationships.,better visualization of ownership relationships,positive
DOCE Office Manager,Simplified ownership and address updates.,simplified ownership and address updates,neutral
DOCE Office Manager,Improved support for multi-unit and complex ownership structures.,improved support for multi unit and complex ownership structures,positive
DOCE Office Manager,Improved parcel and address searching.,improved parcel and address searching,positive
DOCE Office Manager,Easier access to historical records.,easier access to historical records,positive
DOCE Office Manager,Dedicated legal and court document sections.,dedicated legal and court document sections,positive
DOCE Office Manager,Better organization of attachments and correspondence.,better organization of attachments and correspondence,positive
DOCE Office Manager,System Performance & Usability Improvements,system performance usability improvements,positive
DOCE Office Manager,Reduced crashes and memory issues.,reduced crashes and memory issues,neutral
DOCE Office Manager,"Single source of truth for ownership, property, permit, and enforcement information.",single source of truth for ownership property permit and enforcement information,positive
DOCE Office Manager,"Better integration between IPS, AS400, Camino, GIS, and external databases.",better integration between ips as camino gis and external databases,positive
DOCE Office Manager,Elimination of duplicate data entry.,elimination of duplicate data entry,neutral
DOCE Office Manager,Easier access to frequently used information.,easier access to frequently used information,positive
DOCE Office Manager,"Easier access to ownership, tax, water, and licensing information.",easier access to ownership tax water and licensing information,positive
DOCE Office Manager,Better reporting and tracking tools.,better reporting and tracking tools,positive
DOCE Office Manager,Improved visibility into BAA tickets and legal referrals.,improved visibility into baa tickets and legal referrals,positive
DOCE Office Manager,Streamlined legal referral and enforcement documentation processes.,streamlined legal referral and enforcement documentation processes,positive
DOCE Office Manager,"Improved collaboration between Code Enforcement, Law, BAA, Assessment, and other departments.",improved collaboration between code enforcement law baa assessment and other departments,positive
DOCE Office Manager,Standardized administrative workflows across the department.,standardized administrative workflows across the department,neutral
DOCE Fire Prevention Bureau,"Single Property View: View violations, permits, inspections, COs, capacities, and historical records from one screen.",single property view view violations permits inspections cos capacities and historical records from one screen,neutral
DOCE Fire Prevention Bureau,Better Historical Visibility: Quickly access prior violations and occupancy history.,better historical visibility quickly access prior violations and occupancy history,neutral
DOCE Fire Prevention Bureau,Improved Search Capabilities: Simplify parcel and property searches.,improved search capabilities simplify parcel and property searches,positive
DOCE Fire Prevention Bureau,Integrated Property Intelligence: Display all relevant property information together.,integrated property intelligence display all relevant property information together,positive
DOCE Fire Prevention Bureau,"Standardized Documentation: Store inspections, photos, violations, and actions in a consistent location.",standardized documentation store inspections photos violations and actions in a consistent location,neutral
DOCE Fire Prevention Bureau,Unified Case Records: Eliminate multiple documentation locations.,unified case records eliminate multiple documentation locations,positive
DOCE Fire Prevention Bureau,Improved Certificate Review Process: Consolidate information required for CO sign-offs.,improved certificate review process consolidate information required for co sign offs,positive
DOCE Fire Prevention Bureau,Integrated Inspection History: Provide complete inspection visibility.,integrated inspection history provide complete inspection visibility,neutral
DOCE Fire Prevention Bureau,Mobile IPS Access: Support inspections from mobile devices.,mobile ips access support inspections from mobile devices,positive
DOCE Fire Prevention Bureau,Real-Time Documentation: Enter inspection findings directly in the field.,real time documentation enter inspection findings directly in the field,neutral
DOCE Fire Prevention Bureau,Field-Based Reporting: Generate inspection reports without returning to the office.,field based reporting generate inspection reports without returning to the office,neutral
DOCE Fire Prevention Bureau,Integrated Fire Operations: Connect IPS violations and inspections with other Fire Department functions.,integrated fire operations connect ips violations and inspections with other fire department functions,neutral
DOCE Fire Prevention Bureau,Better IPS-Camino-EPR Integration: Reduce duplicate work across systems.,better ips camino epr integration reduce duplicate work across systems,positive
DOCE Fire Prevention Bureau,"Unified Fire Prevention Workflow: Connect permit reviews, inspections, complaints, and enforcement.",unified fire prevention workflow connect permit reviews inspections complaints and enforcement,neutral
DOCE Fire Prevention Bureau,Automated Data Sharing: Improve information sharing between systems.,automated data sharing improve information sharing between systems,positive
DOCE Fire Prevention Bureau,Integrated Compliance Engine Data: Better access to sprinkler and fire system compliance information.,integrated compliance engine data better access to sprinkler and fire system compliance information,positive
DOCE Fire Prevention Bureau,Integrated Calendar Functionality: Add scheduling and reminder capabilities directly into permitting and inspection workflows.,integrated calendar functionality add scheduling and reminder capabilities directly into permitting and inspection workflows,neutral
DOCE Fire Prevention Bureau,Automated Task Tracking: Reduce reliance on Outlook and personal planners.,automated task tracking reduce reliance on outlook and personal planners,neutral
DOCE Fire Prevention Bureau,Inspection Workflow Visibility: Better visibility into inspection schedules and assignments.,inspection workflow visibility better visibility into inspection schedules and assignments,positive
DOCE Fire Prevention Bureau,Cloud-Based Platform: Improve accessibility and usability.,cloud based platform improve accessibility and usability,positive
DOCE Fire Prevention Bureau,Modern User Interface: Replace outdated and non-intuitive screens.,modern user interface replace outdated and non intuitive screens,neutral
DOCE Fire Prevention Bureau,Reduced Research Time: Minimize time spent locating property and occupancy information.,reduced research time minimize time spent locating property and occupancy information,neutral
DOCE Fire Prevention Bureau,Improved Cross-Department Visibility: Better access to information maintained by other departments.,improved cross department visibility better access to information maintained by other departments,positive
DOCE Fire Prevention Bureau,"Comprehensive Fire Prevention Platform: Support plan reviews, inspections, complaints, licensing, enforcement, and certificates in one connected environment.",comprehensive fire prevention platform support plan reviews inspections complaints licensing enforcement and certificates in one connected environment,neutral
DOCE Fire Prevention Bureau,Real-Time Field Operations: Enable inspectors and Fire Marshals to perform all field activities electronically.,real time field operations enable inspectors and fire marshals to perform all field activities electronically,neutral
DOCE Fire Prevention Bureau,Integrated Public Safety Data: Connect Fire Prevention activities with broader Code Enforcement and permitting operations.,integrated public safety data connect fire prevention activities with broader code enforcement and permitting operations,positive
LAW Law,"Complete Case Documentation: Require complete notes, notices, photographs, Nail & Mail documentation, and supporting evidence before cases are forwarded for legal review.",complete case documentation require complete notes notices photographs nail mail documentation and supporting evidence before cases are forwarded for legal review,positive
LAW Law,"Integrated Property Information: Integrate water records, tax information, and ownership records directly into IPS to reduce reliance on external systems.",integrated property information integrate water records tax information and ownership records directly into ips to reduce reliance on external systems,neutral
LAW Law,"Property-Level Case View: Provide consolidated property summaries that combine all complaints, violations, and enforcement history into a single view.",property level case view provide consolidated property summaries that combine all complaints violations and enforcement history into a single view,neutral
LAW Law,Improved Document Management: Improve Action Notes formatting and make supporting documents easier to locate and review.,improved document management improve action notes formatting and make supporting documents easier to locate and review,positive
LAW Law,Document Export Capability: Allow IPS information to transfer directly into Microsoft Word for legal document preparation.,document export capability allow ips information to transfer directly into microsoft word for legal document preparation,positive
LAW Law,Standardized Documentation Practices: Improve consistency in how inspectors document cases and upload evidence.,standardized documentation practices improve consistency in how inspectors document cases and upload evidence,positive
LAW Law,"Improved Interdepartmental Coordination: Strengthen communication between inspectors, supervisors, paralegals, and attorneys throughout the enforcement process.",improved interdepartmental coordination strengthen communication between inspectors supervisors paralegals and attorneys throughout the enforcement process,positive
LAW Law,Reduced Manual Research: Reduce the need to search multiple external systems by consolidating legal and property information.,reduced manual research reduce the need to search multiple external systems by consolidating legal and property information,positive
LAW Law,Improved Workflow Efficiency: Streamline the process from case referral through court filing by ensuring complete information is available at each stage.,improved workflow efficiency streamline the process from case referral through court filing by ensuring complete information is available at each stage,positive
BAA BAA Ops,Bulk Fee Processing: Allow multiple default fees to be applied at one time.,bulk fee processing allow multiple default fees to be applied at one time,positive
BAA BAA Ops,Improved Search Capabilities: Provide additional filters for addresses and multiple cases.,improved search capabilities provide additional filters for addresses and multiple cases,positive
BAA BAA Ops,Improved Case Notes: Organize case notes so multiple rounds of tickets are easier to distinguish.,improved case notes organize case notes so multiple rounds of tickets are easier to distinguish,positive
BAA BAA Ops,Simplified Navigation: Remove unnecessary tabs and action buttons while keeping commonly used functions.,simplified navigation remove unnecessary tabs and action buttons while keeping commonly used functions,neutral
BAA BAA Ops,Additional Workflow Actions: Add more dropdown and action options for common BAA tasks.,additional workflow actions add more dropdown and action options for common baa tasks,neutral
BAA BAA Ops,Improved Ticket Visibility: Show cases with open violations or fines without opening each individual record.,improved ticket visibility show cases with open violations or fines without opening each individual record,neutral
BAA BAA Ops,Improved Document Workflow: Reduce manual editing and PDF conversion when preparing decisions.,improved document workflow reduce manual editing and pdf conversion when preparing decisions,positive
BAA BAA Ops,Reduced System Switching: Minimize the need to move between IPS and other applications.,reduced system switching minimize the need to move between ips and other applications,neutral
BAA BAA Ops,Better Organization: Make IPS cleaner and more organized for day-to-day processing.,better organization make ips cleaner and more organized for day to day processing,positive
DOCE Housing Inspectors,Global Property View: Display all active and historical cases associated with a property.,global property view display all active and historical cases associated with a property,positive
DOCE Housing Inspectors,Case Status Labels: Allow cases to be categorized by status and activity type.,case status labels allow cases to be categorized by status and activity type,positive
DOCE Housing Inspectors,Cases Needing Review Dashboard: Identify cases requiring attention.,cases needing review dashboard identify cases requiring attention,neutral
DOCE Housing Inspectors,Missing Inspection Tracking: Report on cases without scheduled inspections.,missing inspection tracking report on cases without scheduled inspections,neutral
DOCE Housing Inspectors,Batch Processing: Generate violation numbers and perform updates more efficiently.,batch processing generate violation numbers and perform updates more efficiently,neutral
DOCE Housing Inspectors,Integrated Water Information: Provide direct access to water records.,integrated water information provide direct access to water records,neutral
DOCE Housing Inspectors,Integrated Lead Information: Display lead-risk information within property records.,integrated lead information display lead risk information within property records,neutral
DOCE Housing Inspectors,Unified Address Management: Create a centralized address database.,unified address management create a centralized address database,positive
DOCE Housing Inspectors,Ownership Synchronization: Automatically update ownership information across related cases.,ownership synchronization automatically update ownership information across related cases,neutral
DOCE Housing Inspectors,Cross-Case Updates: Ensure information changes apply to all relevant records.,cross case updates ensure information changes apply to all relevant records,positive
DOCE Housing Inspectors,Faster Action Selection: Reduce clicks required to complete common tasks.,faster action selection reduce clicks required to complete common tasks,neutral
DOCE Housing Inspectors,Custom Shortcuts: Allow user-defined shortcuts for common actions.,custom shortcuts allow user defined shortcuts for common actions,positive
DOCE Housing Inspectors,Simplified Dropdowns: Reduce unnecessary dropdown options.,simplified dropdowns reduce unnecessary dropdown options,neutral
DOCE Housing Inspectors,Streamlined Rental Registry Integration: Better integration between IPS and the Periodic Inspection portal.,streamlined rental registry integration better integration between ips and the periodic inspection portal,positive
DOCE Housing Inspectors,Improved Search & Navigation: Make property and case information easier to find.,improved search navigation make property and case information easier to find,positive
DOCE Housing Inspectors,Reduce Freezing & Crashes: Improve reliability and responsiveness.,reduce freezing crashes improve reliability and responsiveness,positive
DOCE Housing Inspectors,Faster Case Loading: Improve performance when opening and reviewing cases.,faster case loading improve performance when opening and reviewing cases,positive
DOCE Housing Inspectors,Stable Remote Access: Improve connectivity for remote users.,stable remote access improve connectivity for remote users,positive
DOCE Housing Inspectors,Field-Based Case Updates: Allow inspectors to update cases while conducting inspections.,field based case updates allow inspectors to update cases while conducting inspections,positive
DOCE Housing Inspectors,Laptop Access in Field: Restore or expand laptop access for field work.,laptop access in field restore or expand laptop access for field work,positive
DOCE Housing Inspectors,Mobile Documentation: Enable real-time note and photo uploads.,mobile documentation enable real time note and photo uploads,neutral
DOCE Housing Inspectors,Remote System Access: Improve remote access to inspection systems.,remote system access improve remote access to inspection systems,positive
DOCE Housing Inspectors,"Single Property Record: Consolidate ownership, water, lead, permit, and case information.",single property record consolidate ownership water lead permit and case information,neutral
DOCE Housing Inspectors,Centralized Property Research: Reduce the need to use multiple systems.,centralized property research reduce the need to use multiple systems,neutral
DOCE Housing Inspectors,Unified Information Management: Create a single source of truth for housing enforcement activities.,unified information management create a single source of truth for housing enforcement activities,positive
DOCE Housing Inspectors,Operational Statistics: Provide reporting on cases without inspection dates and cases awaiting review.,operational statistics provide reporting on cases without inspection dates and cases awaiting review,neutral
DOCE Housing Inspectors,Case Monitoring Dashboards: Improve visibility into workload and case status.,case monitoring dashboards improve visibility into workload and case status,positive
DOCE Housing Inspectors,Lead Risk Identification: Automatically identify high-risk lead properties when cases are opened.,lead risk identification automatically identify high risk lead properties when cases are opened,neutral
DOCE Housing Inspectors,User Documentation: Provide clear user guides and training materials.,user documentation provide clear user guides and training materials,positive
DOCE Housing Inspectors,Consistent Workflows: Standardize processes across Housing Inspectors.,consistent workflows standardize processes across housing inspectors,neutral
DOCE Housing Inspectors,Improved User Experience: Maintain IPS's user-friendly design while improving efficiency and functionality.,improved user experience maintain ips s user friendly design while improving efficiency and functionality,positive
