Focus Group,Pain Point,processed_content,label,VADER,Business Score,processed_pain_points
CPO Central Permit Office,Split Permit & Code Systems: Permit and Code Enforcement information exists in separate systems and workflows.,split permit code system permit code enforcement information exists separate system workflow,neutral,0.0,0,split permit code system permit code enforcement information exists separate system workflow
CPO Central Permit Office,"Scattered Information: Property and permit information is distributed across IPS, Camino, AS400, OnBase, and historical archives.",scattered information property permit information distributed across ip camino onbase historical archive,neutral,0.0,-3,scattered information property permit information distributed across ip camino onbase historical archive
CPO Central Permit Office,Research Complexity: Users must search multiple systems to understand complete property history.,research complexity user must search multiple system understand complete property history,neutral,0.0,-4,research complexity user must search multiple system understand complete property history
CPO Central Permit Office,"Difficult Information Retrieval: Finding relevant information often feels like ""hunting"" through multiple systems.",difficult information retrieval finding relevant information often feel like hunting multiple system,neutral,0.0,-5,difficult information retrieval finding relevant information often feel like hunting multiple system
CPO Central Permit Office,Limited IPS-Camino Integration: Information does not flow seamlessly between systems.,limited integration information flow seamlessly system,negative,-0.2263,-2,limited integration information flow seamlessly system
CPO Central Permit Office,No Shared Permit/Violation Visibility: Permit reviewers cannot easily see related code information.,shared visibility permit reviewer easily see related code information,positive,-0.211,-3,shared visibility permit reviewer easily see related code information
CPO Central Permit Office,Duplicate Research Effort: Staff repeatedly search for the same information across systems.,duplicate research effort staff repeatedly search information across system,neutral,0.0,-4,duplicate research effort staff repeatedly search information across system
CPO Central Permit Office,Limited Status Transparency: Applicants cannot easily see permit status and review progress.,limited status transparency applicant easily see permit status review progress,positive,-0.0351,-5,limited status transparency applicant easily see permit status review progress
CPO Central Permit Office,Review Status Gaps: Difficult for applicants to understand where applications are within the review process.,review status gap difficult applicant understand application within review process,negative,-0.3612,-3,review status gap difficult applicant understand application within review process
CPO Central Permit Office,Communication Burden: Staff spend significant time responding to status inquiries.,communication burden staff spend significant time responding status inquiry,negative,-0.2732,0,communication burden staff spend significant time responding status inquiry
CPO Central Permit Office,Documentation Gaps: Existing systems do not adequately support permit documentation needs.,documentation gap existing system adequately support permit documentation need,positive,-0.3089,0,documentation gap existing system adequately support permit documentation need
CPO Central Permit Office,Historical Records Across Multiple Sources: Research requires navigating legacy repositories.,historical record across multiple source research requires navigating legacy repository,neutral,0.0,-6,historical record across multiple source research requires navigating legacy repository
CPO Central Permit Office,No Centralized Repository: Information is spread across numerous databases and archives.,centralized repository information spread across numerous database archive,neutral,-0.296,0,centralized repository information spread across numerous database archive
CPO Central Permit Office,Application & Review Challenges,application review challenge,positive,0.0772,0,application review challenge
CPO Central Permit Office,Too Many Applications: Large permit volumes create administrative workload.,many application large permit volume create administrative workload,positive,0.2732,0,many application large permit volume create administrative workload
CPO Central Permit Office,Incorrect Document Uploads: Applicants frequently upload incorrect or incomplete documentation.,incorrect document uploads applicant frequently upload incorrect incomplete documentation,neutral,0.0,-3,incorrect document uploads applicant frequently upload incorrect incomplete documentation
CPO Central Permit Office,Manual Tracking Requirements: Staff use spreadsheets and external tools to monitor progress.,manual tracking requirement staff use spreadsheet external tool monitor progress,positive,0.4215,-3,manual tracking requirement staff use spreadsheet external tool monitor progress
CPO Central Permit Office,Cross-Department Dependencies: Progress depends on multiple departments completing reviews.,dependency progress depends multiple department completing review,positive,0.4215,-2,dependency progress depends multiple department completing review
CPO Central Permit Office,Permit-to-Code Disconnect: Code Enforcement and permitting activities are not fully synchronized.,disconnect code enforcement permitting activity fully synchronized,neutral,0.0,0,disconnect code enforcement permitting activity fully synchronized
CPO Central Permit Office,Reviewer Coordination: Managing comments and approvals from multiple reviewers is time-consuming.,reviewer coordination managing comment approval multiple reviewer,positive,0.0,-2,reviewer coordination managing comment approval multiple reviewer
CPO CPO Co-Ordinator,System Performance & Usability,system performance usability,neutral,0.0,0,system performance usability
CPO CPO Co-Ordinator,System Crashes: IPS crashes during high-volume processing activities.,system crash ip crash processing activity,negative,0.0,0,system crash ip crash processing activity
CPO CPO Co-Ordinator,Attachment Issues: Problems saving and managing attachments.,attachment issue problem saving managing attachment,positive,0.1531,-4,attachment issue problem saving managing attachment
CPO CPO Co-Ordinator,Slow Performance: Delays when processing applications and notices.,slow performance delay processing application notice,negative,0.0,-4,slow performance delay processing application notice
CPO CPO Co-Ordinator,Workflow Interruptions: Certain activities require workarounds or manual intervention.,workflow interruption certain activity require workarounds manual intervention,negative,-0.1531,-3,workflow interruption certain activity require workarounds manual intervention
CPO CPO Co-Ordinator,Complex Navigation: Multiple screens and tabs create inefficiencies.,complex navigation multiple screen tab create inefficiency,positive,0.2732,-2,complex navigation multiple screen tab create inefficiency
CPO CPO Co-Ordinator,Duplicate Ownership Records: Ownership information is difficult to maintain.,duplicate ownership record ownership information difficult maintain,negative,-0.3612,-5,duplicate ownership record ownership information difficult maintain
CPO CPO Co-Ordinator,Expiration Tracking Limitations: Renewal tracking depends heavily on reports.,expiration tracking limitation renewal tracking depends heavily report,negative,0.0,0,expiration tracking limitation renewal tracking depends heavily report
CPO CPO Co-Ordinator,Address Lookup Challenges: Difficulty locating accurate address information.,address lookup challenge difficulty locating accurate address information,negative,-0.2732,-3,address lookup challenge difficulty locating accurate address information
CPO CPO Co-Ordinator,Manual Ownership Maintenance: Significant effort required to maintain ownership records.,manual ownership maintenance significant effort required maintain ownership record,positive,0.2023,-3,manual ownership maintenance significant effort required maintain ownership record
CPO CPO Co-Ordinator,No Automated Renewal Queue: Renewal management requires manual tracking.,automated renewal queue renewal management requires manual tracking,neutral,-0.296,-3,automated renewal queue renewal management requires manual tracking
CPO CPO Co-Ordinator,Property Research Complexity: Multiple searches are often required to locate information.,property research complexity multiple search often required locate information,neutral,0.0,-4,property research complexity multiple search often required locate information
CPO CPO Co-Ordinator,Duplicate Data Entry: Information must often be entered into both IPS and Camino.,duplicate data entry information must often entered ip camino,neutral,0.0,-2,duplicate data entry information must often entered ip camino
CPO CPO Co-Ordinator,Poor Integration: Limited integration between Camino and IPS.,poor integration limited integration camino ip,negative,-0.6124,-2,poor integration limited integration camino ip
CPO CPO Co-Ordinator,"Split Workflows: Licensing, permitting, and registry processes span multiple systems.",split workflow licensing permitting registry process span multiple system,neutral,0.0,-2,split workflow licensing permitting registry process span multiple system
CPO CPO Co-Ordinator,Application Processing Complexity: Certain workflows became more complicated after Camino implementation.,application processing complexity certain workflow became complicated camino implementation,positive,0.2732,0,application processing complexity certain workflow became complicated camino implementation
CPO CPO Co-Ordinator,Scheduling & Communication Challenges,scheduling communication challenge,positive,0.0772,0,scheduling communication challenge
CPO CPO Co-Ordinator,Manual Scheduling: Significant effort required to coordinate inspections.,manual scheduling significant effort required coordinate inspection,positive,0.2023,-3,manual scheduling significant effort required coordinate inspection
CPO CPO Co-Ordinator,Applicant Status Requests: Staff spend considerable time responding to status inquiries.,applicant status request staff spend considerable time responding status inquiry,neutral,0.0,0,applicant status request staff spend considerable time responding status inquiry
CPO CPO Co-Ordinator,Manual Notification Processes: Renewal and expiration notices require manual effort.,manual notification process renewal expiration notice require manual effort,neutral,0.0,-3,manual notification process renewal expiration notice require manual effort
CPO CPO Co-Ordinator,Applicant Confusion: Applicants often struggle to understand requirements and application status.,applicant confusion applicant often struggle understand requirement application status,negative,-0.5423,0,applicant confusion applicant often struggle understand requirement application status
CPO CPO Co-Ordinator,Spreadsheet Dependency: External spreadsheets are required to track work.,spreadsheet dependency external spreadsheet required track work,neutral,0.0,-2,spreadsheet dependency external spreadsheet required track work
CPO CPO Co-Ordinator,Cross-System Research: Information must be gathered from several systems.,research information must gathered several system,neutral,0.0,-2,research information must gathered several system
CPO CPO Co-Ordinator,Duplicate Processes: Similar information is maintained in multiple locations.,duplicate process similar information maintained multiple location,neutral,0.0,-4,duplicate process similar information maintained multiple location
DOCE Building Inspectors,"Frequent Crashes: IPS crashes regularly, sometimes multiple times per week.",frequent crash ip crash regularly sometimes multiple time per week,negative,0.0,-2,frequent crash ip crash regularly sometimes multiple time per week
DOCE Building Inspectors,Session Loss: Work can be lost when IPS crashes unexpectedly.,session loss work lost ip crash unexpectedly,negative,-0.5574,0,session loss work lost ip crash unexpectedly
DOCE Building Inspectors,Performance Issues: System becomes slower as case volume increases.,performance issue system becomes slower case volume increase,positive,0.0,-4,performance issue system becomes slower case volume increase
DOCE Building Inspectors,Ownership & Property Information,ownership property information,neutral,0.0,0,ownership property information
DOCE Building Inspectors,Ownership Issues: Ownership records are inconsistent and difficult to maintain.,ownership issue ownership record inconsistent difficult maintain,negative,-0.3612,-5,ownership issue ownership record inconsistent difficult maintain
DOCE Building Inspectors,Multiple Record Locations: Ownership information can exist in several places.,multiple record location ownership information exist several place,neutral,0.0,-2,multiple record location ownership information exist several place
DOCE Building Inspectors,Outdated Information: Contact and ownership information is not always current.,outdated information contact ownership information always current,neutral,0.0,-3,outdated information contact ownership information always current
DOCE Building Inspectors,Address Discrepancies: Property addresses are sometimes inconsistent across systems.,address discrepancy property address sometimes inconsistent across system,neutral,0.0,0,address discrepancy property address sometimes inconsistent across system
DOCE Building Inspectors,Cases Difficult to Find: Locating specific cases can be time-consuming.,case difficult find locating specific case,negative,-0.3612,-3,case difficult find locating specific case
DOCE Building Inspectors,Too Much Information in Different Areas: Important information is spread throughout the system.,much information different area important information spread throughout system,positive,0.2023,0,much information different area important information spread throughout system
DOCE Building Inspectors,Multiple Ways to Update Data: Different update paths create inconsistencies.,multiple way update data different update path create inconsistency,positive,0.2732,-2,multiple way update data different update path create inconsistency
DOCE Building Inspectors,Tickle Dates Can Be Missed: Reminder dates can be overlooked or lost.,tickle date missed reminder date overlooked lost,negative,-0.5574,0,tickle date missed reminder date overlooked lost
DOCE Building Inspectors,No Elevator Certification Visibility: Elevator certification status is difficult to access.,elevator certification visibility elevator certification status difficult access,negative,-0.5719,-3,elevator certification visibility elevator certification status difficult access
DOCE Building Inspectors,No Water Certification Visibility: Water certification information is not easily available.,water certification visibility water certification information easily available,positive,-0.5,0,water certification visibility water certification information easily available
DOCE Building Inspectors,No Sprinkler Report Access: Inspectors cannot easily access sprinkler system reports.,sprinkler report access inspector easily access sprinkler system report,positive,-0.5,-3,sprinkler report access inspector easily access sprinkler system report
DOCE Building Inspectors,Zoning Information Gaps: Zoning reviews do not consistently appear within inspection cases.,zoning information gap zoning review consistently appear within inspection case,neutral,0.0,0,zoning information gap zoning review consistently appear within inspection case
DOCE Building Inspectors,Third-Party Information Missing: Important compliance documentation exists outside IPS.,information missing important compliance documentation exists outside ip,negative,-0.1027,-3,information missing important compliance documentation exists outside ip
DOCE Building Inspectors,No Single Source of Truth: Information needed for inspections is spread across multiple systems.,single source truth information needed inspection spread across multiple system,positive,0.0258,-2,single source truth information needed inspection spread across multiple system
DOCE Building Inspectors,Repeated Research: The same information often must be searched in several locations.,repeated research information often must searched several location,neutral,0.0,-2,repeated research information often must searched several location
DOCE Building Inspectors,Tablet Reliability Issues: Existing tablets are slow and unreliable.,tablet reliability issue existing tablet slow unreliable,neutral,0.0,-4,tablet reliability issue existing tablet slow unreliable
DOCE Building Inspectors,Mobile Access Limitations: IPS functionality in the field is limited.,mobile access limitation ip functionality field limited,negative,-0.2263,-2,mobile access limitation ip functionality field limited
DOCE Building Inspectors,Need for Personal Hotspots: Inspectors sometimes rely on personal hotspots to connect.,need personal hotspot inspector sometimes rely personal hotspot connect,neutral,0.0,0,need personal hotspot inspector sometimes rely personal hotspot connect
DOCE Building Inspectors,Field Documentation Challenges: Lack of effective mobile tools increases office-based data entry.,field documentation challenge lack effective mobile tool increase data entry,positive,0.2732,0,field documentation challenge lack effective mobile tool increase data entry
DOCE Building Inspectors,Slow Zoning Approvals: Zone checks often delay certificate issuance.,slow zoning approval zone check often delay certificate issuance,positive,-0.3182,-4,slow zoning approval zone check often delay certificate issuance
DOCE Building Inspectors,BAA Process Delays: Inspectors are often blamed for delays caused by BAA or Law.,baa process delay inspector often blamed delay caused baa law,negative,-0.4767,-2,baa process delay inspector often blamed delay caused baa law
DOCE Building Inspectors,Permit Communication Gaps: Permit requirements are not always communicated effectively.,permit communication gap permit requirement always communicated effectively,positive,-0.3412,0,permit communication gap permit requirement always communicated effectively
DOCE CommercialPermitElectrical Inspectors,System Performance & Usability,system performance usability,neutral,0.0,0,system performance usability
DOCE CommercialPermitElectrical Inspectors,System Buffering & Slowdowns: IPS experiences performance issues and occasional breakdowns.,system buffering slowdown ip experience performance issue occasional breakdown,neutral,0.0,-4,system buffering slowdown ip experience performance issue occasional breakdown
DOCE CommercialPermitElectrical Inspectors,Searching Difficulties: Finding information can be time-consuming.,searching difficulty finding information,negative,-0.296,-4,searching difficulty finding information
DOCE CommercialPermitElectrical Inspectors,Limited Documentation Capabilities: Difficult to document certain inspection and permit activities.,limited documentation capability difficult document certain inspection permit activity,negative,-0.3182,-5,limited documentation capability difficult document certain inspection permit activity
DOCE CommercialPermitElectrical Inspectors,Field Access Limitations: Limited ability to access and update cases in the field.,field access limitation limited ability access update case field,negative,0.1027,-2,field access limitation limited ability access update case field
DOCE CommercialPermitElectrical Inspectors,Manual Scheduling Requirements: Inspectors often maintain schedules outside IPS.,manual scheduling requirement inspector often maintain schedule outside ip,neutral,0.0,-3,manual scheduling requirement inspector often maintain schedule outside ip
DOCE CommercialPermitElectrical Inspectors,No Permit Workflow Integration: Permit workflows are primarily managed outside IPS.,permit workflow integration permit workflow primarily managed outside ip,neutral,-0.296,0,permit workflow integration permit workflow primarily managed outside ip
DOCE CommercialPermitElectrical Inspectors,Lack of Permit Tracking Functionality: Permit inspectors rely heavily on Camino instead of IPS.,lack permit tracking functionality permit inspector rely heavily camino instead ip,negative,-0.3182,0,lack permit tracking functionality permit inspector rely heavily camino instead ip
DOCE CommercialPermitElectrical Inspectors,Limited Follow-Up Tracking: IPS does not adequately support permit inspection workflows.,limited tracking ip adequately support permit inspection workflow,positive,-0.4867,-2,limited tracking ip adequately support permit inspection workflow
DOCE CommercialPermitElectrical Inspectors,Difficulty Managing Inspection Histories: Inspectors must manually review large volumes of information.,difficulty managing inspection history inspector must manually review large volume information,negative,-0.34,-6,difficulty managing inspection history inspector must manually review large volume information
DOCE CommercialPermitElectrical Inspectors,Data & Information Challenges,data information challenge,positive,0.0772,0,data information challenge
DOCE CommercialPermitElectrical Inspectors,Searching for Information: Important project and permit information can be difficult to locate.,searching information important project permit information difficult locate,negative,-0.1779,-4,searching information important project permit information difficult locate
DOCE CommercialPermitElectrical Inspectors,No Unified Permit Record: Information is spread across multiple systems.,unified permit record information spread across multiple system,positive,0.1027,-2,unified permit record information spread across multiple system
DOCE CommercialPermitElectrical Inspectors,Project Visibility Issues: Inspectors lack visibility into all project activities from one location.,project visibility issue inspector lack visibility project activity one location,negative,-0.3182,-2,project visibility issue inspector lack visibility project activity one location
DOCE CommercialPermitElectrical Inspectors,Scheduling Disconnect: Inspections scheduled in Camino do not automatically appear in Outlook.,scheduling disconnect inspection scheduled camino automatically appear outlook,neutral,0.0,0,scheduling disconnect inspection scheduled camino automatically appear outlook
DOCE CommercialPermitElectrical Inspectors,No Calendar Integration: Inspectors maintain duplicate schedules.,calendar integration inspector maintain duplicate schedule,neutral,-0.296,-2,calendar integration inspector maintain duplicate schedule
DOCE CommercialPermitElectrical Inspectors,No Tickler Functionality: Camino lacks reminder and follow-up tracking capabilities.,tickler functionality camino lack reminder tracking capability,negative,-0.296,0,tickler functionality camino lack reminder tracking capability
DOCE CommercialPermitElectrical Inspectors,Address Management Issues: Address information can be inaccurate or difficult to manage.,address management issue address information inaccurate difficult manage,negative,-0.3612,-5,address management issue address information inaccurate difficult manage
DOCE CommercialPermitElectrical Inspectors,Duplicate Records: Duplicate entries exist within Camino.,duplicate record duplicate entry exist within camino,neutral,0.0,-2,duplicate record duplicate entry exist within camino
DOCE CommercialPermitElectrical Inspectors,Navigation Difficulties: Users find Camino difficult to navigate.,navigation difficulty user find camino difficult navigate,negative,-0.5719,-3,navigation difficulty user find camino difficult navigate
DOCE CommercialPermitElectrical Inspectors,Limited Visibility: Difficult to see assigned work and active projects.,limited visibility difficult see assigned work active project,negative,-0.1779,-5,limited visibility difficult see assigned work active project
DOCE CommercialPermitElectrical Inspectors,No Internal Reminder System: Inspectors rely on manual notes and tracking methods.,internal reminder system inspector rely manual note tracking method,neutral,-0.296,-3,internal reminder system inspector rely manual note tracking method
DOCE CommercialPermitElectrical Inspectors,Internet Dependency: Some functions are unavailable when connectivity issues occur.,internet dependency function unavailable connectivity issue occur,neutral,0.0,-4,internet dependency function unavailable connectivity issue occur
DOCE CommercialPermitElectrical Inspectors,Permit Office Coordination Issues: Permit processes are not fully integrated.,permit office coordination issue permit process fully integrated,neutral,0.0,-2,permit office coordination issue permit process fully integrated
DOCE CommercialPermitElectrical Inspectors,Contractor Coordination: Contractors do not always respond promptly to communication.,contractor coordination contractor always respond promptly communication,neutral,0.0,0,contractor coordination contractor always respond promptly communication
DOCE CommercialPermitElectrical Inspectors,Lack of Coordination: Electrical inspectors identified limited coordination across teams.,lack coordination electrical inspector identified limited coordination across team,negative,-0.4939,-2,lack coordination electrical inspector identified limited coordination across team
DOCE CommercialPermitElectrical Inspectors,Training Gaps: Insufficient training on Camino and related processes.,training gap insufficient training camino related process,neutral,0.0,0,training gap insufficient training camino related process
DOCE CommercialPermitElectrical Inspectors,Manual Follow-Up Requirements: Inspectors must manually track contractor responses and inspection needs.,manual requirement inspector must manually track contractor response inspection need,neutral,0.0,-3,manual requirement inspector must manually track contractor response inspection need
DOCE CommercialPermitElectrical Inspectors,Handwritten Tracking: Inspectors often maintain handwritten schedules and inspection notes.,handwritten tracking inspector often maintain handwritten schedule inspection note,neutral,0.0,0,handwritten tracking inspector often maintain handwritten schedule inspection note
DOCE CommercialPermitElectrical Inspectors,Duplicate Data Entry: Information must be entered and tracked in multiple locations.,duplicate data entry information must entered tracked multiple location,neutral,0.0,-4,duplicate data entry information must entered tracked multiple location
DOCE CommercialPermitElectrical Inspectors,Limited Mobile Functionality: Field-based work remains partially paper-driven.,limited mobile functionality work remains partially,negative,-0.2263,-4,limited mobile functionality work remains partially
CPC CPC,"Limited Search Functionality: Searching by address, owner, violation number, or ticket number is limited and often requires multiple searches.",limited search functionality searching address owner violation number ticket number limited often requires multiple search,negative,-0.6597,-5,limited search functionality searching address owner violation number ticket number limited often requires multiple search
CPC CPC,"Mixed Violation Records: BAA tickets and Code Enforcement violations appear together, making it difficult to distinguish between them.",mixed violation record baa ticket code enforcement violation appear together making difficult distinguish,negative,-0.8442,-3,mixed violation record baa ticket code enforcement violation appear together making difficult distinguish
CPC CPC,Delayed Information Updates: BAA and violation information is not always updated in real time.,delayed information update baa violation information always updated real time,negative,-0.6249,-2,delayed information update baa violation information always updated real time
CPC CPC,Incomplete Information: Parcel information and account records are not always synchronized across systems.,incomplete information parcel information account record always synchronized across system,neutral,0.0,-3,incomplete information parcel information account record always synchronized across system
CPC CPC,"Limited Case Visibility: Staff cannot easily view all violations, payments, and related property information from a single screen.",limited case visibility staff easily view violation payment related property information single screen,negative,-0.7458,-5,limited case visibility staff easily view violation payment related property information single screen
CPC CPC,Duplicate Data Entry: Staff repeatedly enter the same information across multiple systems.,duplicate data entry staff repeatedly enter information across multiple system,neutral,0.0,-4,duplicate data entry staff repeatedly enter information across multiple system
CPC CPC,"Manual Financial Processes: Financial reconciliation, collections, and reporting require significant manual effort.",manual financial process financial reconciliation collection reporting require significant manual effort,positive,0.2023,-3,manual financial process financial reconciliation collection reporting require significant manual effort
CPC CPC,Fragmented Information Sources: Staff rely on multiple systems and paper files to answer public questions.,fragmented information source staff rely multiple system paper file answer public question,neutral,0.0,-7,fragmented information source staff rely multiple system paper file answer public question
CPC CPC,"Cross-Department Dependencies: CPC depends on timely updates from BAA, Finance, Code Enforcement, and inspectors.",dependency cpc depends timely update baa finance code enforcement inspector,neutral,0.0,0,dependency cpc depends timely update baa finance code enforcement inspector
CPC CPC,"Customer Service Complexity: Staff spend significant time helping public understand violations, payments, and permit requirements.",customer service complexity staff spend significant time helping public understand violation payment permit requirement,negative,-0.1027,0,customer service complexity staff spend significant time helping public understand violation payment permit requirement
CPC CPC,Payment Reconciliation: Pulling payments across systems can be time-consuming.,payment reconciliation pulling payment across system,neutral,0.0,0,payment reconciliation pulling payment across system
CPC CPC,"Administrative Workload: Managing certificates, board files, tax searches, and financial records involves repetitive administrative work.",administrative workload managing certificate board file tax search financial record involves repetitive administrative work,negative,-0.25,-3,administrative workload managing certificate board file tax search financial record involves repetitive administrative work
CPC CPC,"Improved Search Capabilities: Search by address, owner, parcel, violation number, ticket number, permit number, or account records from a single search.",improved search capability search address owner parcel violation number ticket number permit number account record single search,positive,0.2023,-1,improved search capability search address owner parcel violation number ticket number permit number account record single search
CPC CPC,Separated Violation Records: Clearly distinguish BAA tickets from Code Enforcement violations within IPS.,separated violation record clearly distinguish baa ticket code enforcement violation within ip,negative,-0.5994,0,separated violation record clearly distinguish baa ticket code enforcement violation within ip
CPC CPC,"Real-Time Data Updates: Ensure violations, payments, and parcel information update automatically across systems.",data update ensure violation payment parcel information update automatically across system,negative,-0.2023,0,data update ensure violation payment parcel information update automatically across system
CPC CPC,"Integrated Financial Information: Display payment history, outstanding balances, tax searches, and financial records in one location.",integrated financial information display payment history outstanding balance tax search financial record one location,positive,0.6124,-1,integrated financial information display payment history outstanding balance tax search financial record one location
CPC CPC,"Improved Case Visibility: Provide a complete parcel and property view that includes violations, permits, payments, certificates, and tax information.",improved case visibility provide complete parcel property view includes violation permit payment certificate tax information,neutral,-0.0772,0,improved case visibility provide complete parcel property view includes violation permit payment certificate tax information
CPC CPC,Simplified Navigation: Reduce the need to switch between multiple applications during customer service activities.,simplified navigation reduce need switch multiple application customer service activity,neutral,0.0,-2,simplified navigation reduce need switch multiple application customer service activity
CPC CPC,"System Consolidation: Integrate AIMS, Invoice Cloud, eTax, AS400, and IPS into a unified workflow.",system consolidation integrate aim invoice cloud etax ip unified workflow,positive,0.3818,0,system consolidation integrate aim invoice cloud etax ip unified workflow
CPC CPC,"Automated Financial Processes: Automate payment reconciliation, collections, reporting, and financial updates.",automated financial process automate payment reconciliation collection reporting financial update,neutral,0.0,0,automated financial process automate payment reconciliation collection reporting financial update
CPC CPC,"Single Source of Truth: Provide one authoritative record for property, parcel, payment, permit, and violation information across all departments.",single source truth provide one authoritative record property parcel payment permit violation information across department,negative,-0.2263,0,single source truth provide one authoritative record property parcel payment permit violation information across department
CPC CPC,"Improved Interdepartmental Coordination: Improve communication and information sharing between CPC, BAA, Finance, Law, and Code Enforcement.",improved interdepartmental coordination improve communication information sharing cpc baa finance law code enforcement,positive,0.8316,0,improved interdepartmental coordination improve communication information sharing cpc baa finance law code enforcement
CPC CPC,"Improved Public Experience: Enable staff to answer public questions quickly using complete, accurate information from one system.",improved public experience enable staff answer public question quickly using complete accurate information one system,positive,0.4767,0,improved public experience enable staff answer public question quickly using complete accurate information one system
CPC CPC,"Enhanced Administrative Efficiency: Streamline tax searches, board files, certificates, and payment processing to reduce manual effort.",enhanced administrative efficiency streamline tax search board file certificate payment processing reduce manual effort,positive,0.3612,-4,enhanced administrative efficiency streamline tax search board file certificate payment processing reduce manual effort
NBD NBD Internal,Missing Referral Visibility: Some Emergency Repair Program referrals do not appear in the IPS Desk Review section.,missing referral visibility emergency repair program referral appear ip desk review section,negative,-0.5859,-3,missing referral visibility emergency repair program referral appear ip desk review section
NBD NBD Internal,Limited Referral Tracking: IPS does not clearly identify where referrals originated or distinguish different referral types.,limited referral tracking ip clearly identify referral originated distinguish different referral type,positive,-0.4867,-2,limited referral tracking ip clearly identify referral originated distinguish different referral type
NBD NBD Internal,Non-Chronological Case History: Open case information is difficult to review because activities are not always presented in chronological order.,case history open case information difficult review activity always presented chronological order,negative,-0.3612,-3,case history open case information difficult review activity always presented chronological order
NBD NBD Internal,"Limited Address Search: Address lookup and property searching can be difficult, particularly when researching redevelopment or neighborhood projects.",limited address search address lookup property searching difficult particularly researching redevelopment neighborhood project,negative,-0.5267,-7,limited address search address lookup property searching difficult particularly researching redevelopment neighborhood project
NBD NBD Internal,Contact Management Issues: The IPS contact/address book contains duplicate or difficult-to-manage records.,contact management issue ip book contains duplicate record,neutral,0.0,-7,contact management issue ip book contains duplicate record
NBD NBD Internal,System Performance: IPS slows down when processing large amounts of information and occasionally crashes during use.,system performance ip slows processing large amount information occasionally crash use,negative,0.0,-2,system performance ip slows processing large amount information occasionally crash use
NBD NBD Internal,Limited Cross-Case Visibility: Users cannot easily review related information across multiple cases simultaneously.,limited visibility user easily review related information across multiple case simultaneously,positive,-0.4471,-7,limited visibility user easily review related information across multiple case simultaneously
NBD NBD Internal,Manual Data Entry: Many program activities require repetitive manual data entry and updates.,manual data entry many program activity require repetitive manual data entry update,negative,-0.25,-5,manual data entry many program activity require repetitive manual data entry update
NBD NBD Internal,"Fragmented Information Sources: Staff must search multiple systems including IPS, Camino, AS400, eTax, County Clerk, GIS, and external databases to complete property research.",fragmented information source staff must search multiple system including ip camino etax county clerk gi external database complete property research,neutral,0.0,-7,fragmented information source staff must search multiple system including ip camino etax county clerk gi external database complete property research
NBD NBD Internal,Limited Data Sharing: Information is not easily shared across City departments or external agencies.,limited data sharing information easily shared across city department external agency,positive,-0.2896,-2,limited data sharing information easily shared across city department external agency
NBD NBD Internal,"Property Research Complexity: Researching ownership, redevelopment history, and neighborhood information requires significant manual effort",property research complexity researching ownership redevelopment history neighborhood information requires significant manual effort,positive,0.2023,-5,property research complexity researching ownership redevelopment history neighborhood information requires significant manual effort
NBD NBD Internal,"Lack of Automation: Manual workflows increase staff effort for referrals, research, and program tracking.",lack automation manual workflow increase staff effort referral research program tracking,neutral,0.0,-5,lack automation manual workflow increase staff effort referral research program tracking
NBD NBD Internal,Historical Record Access: Historical property records and previous program information can be difficult to locate.,historical record access historical property record previous program information difficult locate,negative,-0.3612,-3,historical record access historical property record previous program information difficult locate
NBD NBD Internal,Improved Referral Management: Better support ERP referrals by identifying referral sources and automating referral workflows.,improved referral management better support erp referral identifying referral source automating referral workflow,positive,0.8271,0,improved referral management better support erp referral identifying referral source automating referral workflow
NBD NBD Internal,"Enhanced Search Capabilities: Improve searching for addresses, ownership, neighborhood information, and related cases.",enhanced search capability improve searching address ownership neighborhood information related case,positive,0.4404,-1,enhanced search capability improve searching address ownership neighborhood information related case
NBD NBD Internal,Improved Case History: Present case information in a clear chronological order.,improved case history present case information clear chronological order,positive,0.6908,0,improved case history present case information clear chronological order
NBD NBD Internal,Better Contact Management: Improve contact records and reduce duplicate address book entries.,better contact management improve contact record reduce duplicate address book entry,positive,0.7003,-2,better contact management improve contact record reduce duplicate address book entry
NBD NBD Internal,Improved Cross-Case Visibility: Allow users to view related information across multiple cases from a single location.,improved visibility allow user view related information across multiple case single location,positive,0.6124,-2,improved visibility allow user view related information across multiple case single location
NBD NBD Internal,Workflow Automation: Reduce manual data entry and automate repetitive program tasks.,workflow automation reduce manual data entry automate repetitive program task,negative,-0.25,-5,workflow automation reduce manual data entry automate repetitive program task
NBD NBD Internal,Geographic Property View: Provide geographic visualization of nearby properties and neighborhood activity within the system.,geographic property view provide geographic visualization nearby property neighborhood activity within system,neutral,0.0,0,geographic property view provide geographic visualization nearby property neighborhood activity within system
NBD NBD Internal,System Consolidation: Reduce the number of separate systems needed to complete property research and program administration.,system consolidation reduce number separate system needed complete property research program administration,positive,0.0772,-2,system consolidation reduce number separate system needed complete property research program administration
NBD NBD Internal,"Integrated Property Information: Create a single location for ownership, tax, permits, violations, redevelopment history, and housing program information.",integrated property information create single location ownership tax permit violation redevelopment history housing program information,negative,-0.3182,0,integrated property information create single location ownership tax permit violation redevelopment history housing program information
NBD NBD Internal,Better Data Sharing: Improve access to County and external property data.,better data sharing improve access county external property data,positive,0.8225,0,better data sharing improve access county external property data
NBD NBD Internal,Enhanced Reporting: Improve reporting and analysis capabilities for neighborhood planning and housing programs.,enhanced reporting improve reporting analysis capability neighborhood planning housing program,positive,0.4404,0,enhanced reporting improve reporting analysis capability neighborhood planning housing program
NBD NBD Internal,Improved Record Management: Better organize historical property and redevelopment records while preserving program history.,improved record management better organize historical property redevelopment record preserving program history,positive,0.7184,0,improved record management better organize historical property redevelopment record preserving program history
Assessment Assessment Supervisors,Historical Record Management: Historical permits and property records often require searching IPS together with OnBase because historical information is not consolidated.,historical record management historical permit property record often require searching ip together onbase historical information consolidated,neutral,0.0,-1,historical record management historical permit property record often require searching ip together onbase historical information consolidated
Assessment Assessment Supervisors,"Incomplete Property History: IPS does not always provide a complete historical picture for permits, Certificates of Occupancy, or property changes.",incomplete property history ip always provide complete historical picture permit certificate occupancy property change,neutral,0.0,-3,incomplete property history ip always provide complete historical picture permit certificate occupancy property change
Assessment Assessment Supervisors,Large Plan Viewing: Large plans and surveys cannot be viewed effectively within IPS.,large plan viewing large plan survey viewed effectively within ip,positive,-0.3412,-3,large plan viewing large plan survey viewed effectively within ip
Assessment Assessment Supervisors,Limited Historical Visibility: Historical records are frequently needed to determine legal occupancy and previous property conditions but are not always easily accessible.,limited historical visibility historical record frequently needed determine legal occupancy previous property condition always easily accessible,positive,-0.4125,-2,limited historical visibility historical record frequently needed determine legal occupancy previous property condition always easily accessible
Assessment Assessment Supervisors,"Historical Property Research: Research often requires reviewing permits, surveys, Engineering records, and historical documents together.",historical property research research often requires reviewing permit survey engineering record historical document together,neutral,0.0,-2,historical property research research often requires reviewing permit survey engineering record historical document together
Assessment Assessment Supervisors,Resubdivision Coordination: Parcel updates require coordination with Engineering and County mapping.,resubdivision coordination parcel update require coordination engineering county mapping,neutral,0.0,0,resubdivision coordination parcel update require coordination engineering county mapping
Assessment Assessment Supervisors,"Permit-Driven Workload: Most assessment work begins with permit activity, although unpermitted work may still be discovered.",workload assessment work begin permit activity although unpermitted work may still discovered,neutral,0.0,0,workload assessment work begin permit activity although unpermitted work may still discovered
Assessment Assessment Supervisors,Seasonal Review Process: Permit monitoring and field review activities vary throughout the year based on the assessment calendar.,seasonal review process permit monitoring field review activity vary throughout year based assessment calendar,neutral,0.0,0,seasonal review process permit monitoring field review activity vary throughout year based assessment calendar
DOCE Admin Aide,System Performance & Usability,system performance usability,neutral,0.0,0,system performance usability
DOCE Admin Aide,IPS crashes frequently during complaint entry and daily operations.,ip crash frequently complaint entry daily operation,negative,-0.296,0,ip crash frequently complaint entry daily operation
DOCE Admin Aide,Users experience unhandled exceptions and memory-related errors.,user experience unhandled exception error,negative,-0.34,0,user experience unhandled exception error
DOCE Admin Aide,Work can be lost when the system crashes unexpectedly.,work lost system crash unexpectedly,negative,-0.3182,0,work lost system crash unexpectedly
DOCE Admin Aide,Multiple open tabs may contribute to instability.,multiple open tab may contribute instability,neutral,0.0,-2,multiple open tab may contribute instability
DOCE Admin Aide,Inspection appointments must be entered into multiple systems.,inspection appointment must entered multiple system,neutral,0.0,-2,inspection appointment must entered multiple system
DOCE Admin Aide,Outlook and IPS schedules are not synchronized.,outlook ip schedule synchronized,neutral,0.0,0,outlook ip schedule synchronized
DOCE Admin Aide,Periodic Inspection scheduling workflows are cumbersome.,periodic inspection scheduling workflow cumbersome,neutral,0.0,0,periodic inspection scheduling workflow cumbersome
DOCE Admin Aide,Inspector lists in the Periodic Inspection module are not alphabetized.,inspector list periodic inspection module alphabetized,neutral,0.0,0,inspector list periodic inspection module alphabetized
DOCE Admin Aide,Finding specific cases can be difficult.,finding specific case difficult,negative,-0.3612,-3,finding specific case difficult
DOCE Admin Aide,Parcel History provides limited information when reviewing large properties.,parcel history provides limited information reviewing large property,negative,-0.2263,-2,parcel history provides limited information reviewing large property
DOCE Admin Aide,Important information can be difficult to locate within cases.,important information difficult locate within case,negative,-0.1779,-3,important information difficult locate within case
DOCE Admin Aide,Case notes and attachments are not always organized consistently.,case note attachment always organized consistently,positive,0.2732,0,case note attachment always organized consistently
DOCE Admin Aide,Some features behave differently across modules.,feature behave differently across module,neutral,0.0,0,feature behave differently across module
DOCE Admin Aide,Save functions are inconsistent.,save function inconsistent,positive,0.4939,0,save function inconsistent
DOCE Admin Aide,Certain attachments cannot always be uploaded successfully.,certain attachment always uploaded successfully,positive,0.7506,-3,certain attachment always uploaded successfully
DOCE Admin Aide,Some complaint types do not have clearly defined workflows.,complaint type clearly defined workflow,positive,-0.5358,0,complaint type clearly defined workflow
DOCE Admin Aide,Complaint cases can take significant time to open.,complaint case take significant time open,negative,-0.1027,0,complaint case take significant time open
DOCE Admin Aide,System responsiveness slows when handling multiple activities simultaneously.,system responsiveness slows handling multiple activity simultaneously,neutral,0.0,-4,system responsiveness slows handling multiple activity simultaneously
DOCE Admin Aide,Uploading documents can impact performance.,uploading document impact performance,neutral,0.0,0,uploading document impact performance
DOCE Admin Aide,Duplicate data entry is required across multiple applications.,duplicate data entry required across multiple application,neutral,0.0,-4,duplicate data entry required across multiple application
DOCE Admin Aide,Staff must frequently switch between systems to complete a task.,staff must frequently switch system complete task,neutral,0.0,0,staff must frequently switch system complete task
DOCE Admin Aide,Ownership information can be difficult to verify.,ownership information difficult verify,negative,-0.3612,-3,ownership information difficult verify
DOCE Admin Aide,Address changes are not always reflected consistently.,address change always reflected consistently,neutral,0.0,0,address change always reflected consistently
DOCE Admin Aide,Multiple property research tools must be used together.,multiple property research tool must used together,neutral,0.0,-4,multiple property research tool must used together
DOCE Admin Aide,Training & Knowledge Challenges,training knowledge challenge,positive,0.0772,0,training knowledge challenge
DOCE Admin Aide,"Staff rely heavily on personal notes, cheat sheets, and reference documents.",staff rely heavily personal note cheat sheet reference document,negative,-0.4588,0,staff rely heavily personal note cheat sheet reference document
DOCE Admin Aide,Knowledge of certain processes is dependent on individual staff experience.,knowledge certain process dependent individual staff experience,positive,0.2732,0,knowledge certain process dependent individual staff experience
DOCE Admin Aide,Limited standardization exists across some administrative workflows.,limited standardization exists across administrative workflow,negative,-0.2263,-2,limited standardization exists across administrative workflow
DOCE Admin Aide,Calls automatically disconnect after several minutes.,call automatically disconnect several minute,neutral,0.0,0,call automatically disconnect several minute
DOCE Admin Aide,Long scheduling conversations are frequently interrupted.,long scheduling conversation frequently interrupted,negative,-0.296,0,long scheduling conversation frequently interrupted
DOCE Admin Aide,Customers become frustrated when calls are dropped.,customer become frustrated call dropped,negative,-0.5267,0,customer become frustrated call dropped
DOCE Admin Aide,Staff lose significant time handling repeat calls.,staff lose significant time handling repeat call,negative,-0.2263,0,staff lose significant time handling repeat call
DOCE Admin Aide,High call volumes create interruptions throughout the day.,high call volume create interruption throughout day,negative,-0.1531,0,high call volume create interruption throughout day
DOCE Admin Aide,Front-counter traffic can become overwhelming.,traffic become overwhelming,neutral,0.0,0,traffic become overwhelming
DOCE Supervisors,Missed Case Tracking: Cases can be missed if tickle dates are not entered correctly.,missed case tracking case missed tickle date entered correctly,negative,-0.5267,0,missed case tracking case missed tickle date entered correctly
DOCE Supervisors,No Automatic Monitoring: No system-generated alerts for inactive or stalled cases.,automatic monitoring alert inactive stalled case,positive,-0.6369,0,automatic monitoring alert inactive stalled case
DOCE Supervisors,Open Case Cleanup: Large number of legacy and inactive cases require manual cleanup.,open case cleanup large number legacy inactive case require manual cleanup,positive,0.0772,-5,open case cleanup large number legacy inactive case require manual cleanup
DOCE Supervisors,"Cases Easily Lost: Cases, permits, and assignments can disappear from visibility if workflows are not followed correctly.",case easily lost case permit assignment disappear visibility workflow followed correctly,negative,-0.2023,0,case easily lost case permit assignment disappear visibility workflow followed correctly
DOCE Supervisors,Human Error Dependency: The system relies heavily on users remembering to complete actions.,human error dependency system relies heavily user remembering complete action,negative,-0.4019,-2,human error dependency system relies heavily user remembering complete action
DOCE Supervisors,Data & Information Issues,data information issue,neutral,0.0,-2,data information issue
DOCE Supervisors,Incomplete Historical Data: Historical information is missing or difficult to locate.,incomplete historical data historical information missing difficult locate,negative,-0.5719,-9,incomplete historical data historical information missing difficult locate
DOCE Supervisors,Difficult Property Research: Researching property history requires navigating multiple records and screens.,difficult property research researching property history requires navigating multiple record screen,negative,-0.3612,-7,difficult property research researching property history requires navigating multiple record screen
DOCE Supervisors,Parcel Search Challenges: Subdivided and inactive parcels are difficult to track.,parcel search challenge subdivided inactive parcel difficult track,negative,-0.296,-4,parcel search challenge subdivided inactive parcel difficult track
DOCE Supervisors,Scattered Information: Related property information is not presented in a single view.,scattered information related property information presented single view,neutral,0.0,-3,scattered information related property information presented single view
DOCE Supervisors,Limited Reporting Capability: Reporting and analysis require significant manual effort.,limited reporting capability reporting analysis require significant manual effort,neutral,-0.0258,-5,limited reporting capability reporting analysis require significant manual effort
DOCE Supervisors,"No Advanced Analytics: Limited ability to identify trends, recurring offenders, or enforcement patterns.",advanced analytics limited ability identify trend recurring offender enforcement pattern,neutral,-0.3182,-2,advanced analytics limited ability identify trend recurring offender enforcement pattern
DOCE Supervisors,System Performance & Usability,system performance usability,neutral,0.0,0,system performance usability
DOCE Supervisors,Volume Challenges: IPS becomes cumbersome as case volume increases.,volume challenge ip becomes cumbersome case volume increase,positive,0.0772,0,volume challenge ip becomes cumbersome case volume increase
DOCE Supervisors,Specialized Knowledge Required: Users require significant experience to fully utilize the system.,specialized knowledge required user require significant experience fully utilize system,positive,0.2023,0,specialized knowledge required user require significant experience fully utilize system
DOCE Supervisors,No Batch Processing: Large-scale updates and cleanup activities are difficult to perform.,batch processing update cleanup activity difficult perform,negative,-0.5719,-3,batch processing update cleanup activity difficult perform
DOCE Supervisors,Duplicate Data Entry: Information must be entered and verified across multiple applications.,duplicate data entry information must entered verified across multiple application,neutral,0.0,-4,duplicate data entry information must entered verified across multiple application
DOCE Supervisors,No Single Source of Truth: Property information is distributed across multiple databases.,single source truth property information distributed across multiple database,positive,0.0258,-2,single source truth property information distributed across multiple database
DOCE Supervisors,Missing Historical Records: Some historical records were lost or remain inaccessible.,missing historical record historical record lost remain inaccessible,negative,-0.5423,-3,missing historical record historical record lost remain inaccessible
DOCE Supervisors,"Paper-Based Archives: Information remains stored in microfiche, paper files, and legacy systems.",archive information remains stored microfiche paper file legacy system,neutral,0.0,-4,archive information remains stored microfiche paper file legacy system
DOCE Supervisors,Incomplete Digital Migration: Historical information has not been fully digitized.,incomplete digital migration historical information fully digitized,neutral,0.0,-3,incomplete digital migration historical information fully digitized
DOCE Supervisors,Email Overload: Excessive reliance on email for project management and collaboration.,email overload excessive reliance email project management collaboration,negative,-0.3612,0,email overload excessive reliance email project management collaboration
DOCE Supervisors,"Coordination Delays: Multiple departments are involved in many workflows, creating delays.",coordination delay multiple department involved many workflow creating delay,negative,0.296,-4,coordination delay multiple department involved many workflow creating delay
DOCE Supervisors,Contractor & Public Challenges,contractor public challenge,positive,0.0772,0,contractor public challenge
DOCE Supervisors,Camino Frustration: Contractors frequently struggle with Camino.,camino frustration contractor frequently struggle camino,negative,-0.6597,0,camino frustration contractor frequently struggle camino
DOCE Supervisors,"Address Discrepancies: Property addresses often differ between systems, creating confusion.",address discrepancy property address often differ system creating confusion,neutral,0.0,0,address discrepancy property address often differ system creating confusion
DOCE Supervisors,Constituent Escalations: Supervisors spend significant time responding to escalated complaints and requests.,constituent escalation supervisor spend significant time responding escalated complaint request,negative,-0.2263,0,constituent escalation supervisor spend significant time responding escalated complaint request
DOCE Zoning,"Fragmented Historical Records: Historical property, zoning, and parcel records are scattered across IPS, Camino, OnBase, AS400, microfiche, and paper archives, making research time-consuming.",fragmented historical record historical property zoning parcel record scattered across ip camino onbase microfiche paper archive making research,neutral,0.0,-10,fragmented historical record historical property zoning parcel record scattered across ip camino onbase microfiche paper archive making research
DOCE Zoning,"Complex Property Research: Parcel history is difficult to follow after subdivisions, lot alterations, ownership changes, and address changes.",complex property research parcel history difficult follow subdivision lot alteration ownership change address change,negative,-0.3612,-5,complex property research parcel history difficult follow subdivision lot alteration ownership change address change
DOCE Zoning,"Incomplete Digital Records: Many historical zoning projects and approvals have not been migrated into IPS, requiring staff to search legacy systems.",incomplete digital record many historical zoning project approval migrated ip requiring staff search legacy system,positive,0.0,-6,incomplete digital record many historical zoning project approval migrated ip requiring staff search legacy system
DOCE Zoning,"Limited Search Functionality: Searching historical parcels, addresses, and zoning records is inefficient due to limited filtering and search capabilities.",limited search functionality searching historical parcel address zoning record inefficient due limited filtering search capability,negative,-0.4215,-3,limited search functionality searching historical parcel address zoning record inefficient due limited filtering search capability
DOCE Zoning,"Scattered Project Information: Project documents, approvals, and historical records are distributed across multiple systems, making it difficult to view complete project history.",scattered project information project document approval historical record distributed across multiple system making difficult view complete project history,positive,-0.3612,-8,scattered project information project document approval historical record distributed across multiple system making difficult view complete project history
DOCE Zoning,Missing Supporting Documentation: Older zoning projects often contain incomplete attachments or missing supporting documents within IPS.,missing supporting documentation older zoning project often contain incomplete attachment missing supporting document within ip,positive,0.5423,-6,missing supporting documentation older zoning project often contain incomplete attachment missing supporting document within ip
DOCE Zoning,"Late Zoning Reviews: Certificate of Use and zoning reviews sometimes occur too late in the permitting process, delaying approvals.",late zoning review certificate use zoning review sometimes occur late permitting process delaying approval,positive,0.0,-2,late zoning review certificate use zoning review sometimes occur late permitting process delaying approval
DOCE Zoning,Manual Research Process: Staff must switch between multiple systems and physical archives to complete property research.,manual research process staff must switch multiple system physical archive complete property research,neutral,0.0,-7,manual research process staff must switch multiple system physical archive complete property research
DOCE Zoning,High Communication Volume: Responding to applicant inquiries and coordinating with reviewing departments consumes significant staff time.,high communication volume responding applicant inquiry coordinating reviewing department consumes significant staff time,positive,0.2023,0,high communication volume responding applicant inquiry coordinating reviewing department consumes significant staff time
DOCE Zoning,Cross-Department Dependencies: Zoning reviews depend on timely input and coordination from multiple City departments.,dependency zoning review depend timely input coordination multiple city department,neutral,0.0,-2,dependency zoning review depend timely input coordination multiple city department
DOCE Zoning,Legacy Record Dependency: Historical paper files and basement archives are still required to complete many zoning reviews.,legacy record dependency historical paper file basement archive still required complete many zoning review,neutral,0.0,-6,legacy record dependency historical paper file basement archive still required complete many zoning review
DOCE Office Manager,Ownership & Contact Management,ownership contact management,neutral,0.0,0,ownership contact management
DOCE Office Manager,Duplicate ownership and contact records.,duplicate ownership contact record,neutral,0.0,-2,duplicate ownership contact record
DOCE Office Manager,Ownership updates do not consistently populate across records.,ownership update consistently populate across record,neutral,0.0,0,ownership update consistently populate across record
DOCE Office Manager,"Difficult to track relationships between owners, agents, and businesses.",difficult track relationship owner agent business,negative,-0.3612,-3,difficult track relationship owner agent business
DOCE Office Manager,Property manager information is difficult to maintain.,property manager information difficult maintain,negative,-0.3612,-3,property manager information difficult maintain
DOCE Office Manager,Ownership / Property Management,ownership property management,neutral,0.0,0,ownership property management
DOCE Office Manager,Address updates require extensive manual effort.,address update require extensive manual effort,neutral,0.0,-3,address update require extensive manual effort
DOCE Office Manager,Mailing and parcel addresses are managed separately.,mailing parcel address managed separately,neutral,0.0,0,mailing parcel address managed separately
DOCE Office Manager,Changes often require updates in multiple locations.,change often require update multiple location,neutral,0.0,-2,change often require update multiple location
DOCE Office Manager,Difficult to locate ownership and historical property information.,difficult locate ownership historical property information,negative,-0.3612,-3,difficult locate ownership historical property information
DOCE Office Manager,Parcel History can be difficult to navigate.,parcel history difficult navigate,negative,-0.3612,-3,parcel history difficult navigate
DOCE Office Manager,Historical records are not easily accessible.,historical record easily accessible,positive,-0.2584,0,historical record easily accessible
DOCE Office Manager,Searching across properties and cases is inefficient.,searching across property case inefficient,neutral,0.0,-1,searching across property case inefficient
DOCE Office Manager,System Performance & Usability,system performance usability,neutral,0.0,0,system performance usability
DOCE Office Manager,Frequent crashes and memory-related errors.,frequent crash error,negative,-0.34,0,frequent crash error
DOCE Office Manager,Unexpected shutdowns can result in lost work.,unexpected shutdown result lost work,negative,-0.3182,0,unexpected shutdown result lost work
DOCE Office Manager,Performance decreases when handling multiple records.,performance decrease handling multiple record,neutral,0.0,-2,performance decrease handling multiple record
DOCE Office Manager,BAA referrals require significant manual oversight.,baa referral require significant manual oversight,positive,0.2023,-3,baa referral require significant manual oversight
DOCE Office Manager,Document management and uploads can be inconsistent.,document management uploads inconsistent,neutral,0.0,0,document management uploads inconsistent
DOCE Office Manager,Administrative workflows are not standardized across modules.,administrative workflow standardized across module,neutral,0.0,0,administrative workflow standardized across module
DOCE Office Manager,Duplicate data entry is common.,duplicate data entry common,neutral,0.0,-2,duplicate data entry common
DOCE Office Manager,No centralized source of property and ownership information exists.,centralized source property ownership information exists,neutral,-0.296,0,centralized source property ownership information exists
DOCE Office Manager,Ownership verification requires multiple systems.,ownership verification requires multiple system,neutral,0.0,-2,ownership verification requires multiple system
DOCE Office Manager,Historical property information can be difficult to locate.,historical property information difficult locate,negative,-0.3612,-3,historical property information difficult locate
DOCE Office Manager,Tracking ownership changes requires extensive manual research.,tracking ownership change requires extensive manual research,neutral,0.0,-5,tracking ownership change requires extensive manual research
DOCE Office Manager,Tickets are frequently returned for minor corrections.,ticket frequently returned minor correction,neutral,0.0,0,ticket frequently returned minor correction
DOCE Office Manager,Multiple review cycles delay enforcement activities.,multiple review cycle delay enforcement activity,negative,-0.3182,-4,multiple review cycle delay enforcement activity
DOCE Office Manager,"Significant coordination is required between Office Managers, inspectors, and BAA.",significant coordination required office manager inspector baa,positive,0.2023,0,significant coordination required office manager inspector baa
DOCE Office Manager,High volumes of records management and research activities.,high volume record management research activity,neutral,0.0,-2,high volume record management research activity
DOCE Office Manager,Significant time spent correcting data and ownership issues.,significant time spent correcting data ownership issue,positive,0.2023,-2,significant time spent correcting data ownership issue
DOCE Office Manager,Executive support and special projects compete with operational responsibilities.,executive support special project compete operational responsibility,positive,0.6597,0,executive support special project compete operational responsibility
DOCE Fire Prevention Bureau,"Historical Research Takes Too Long: Researching prior violations, occupancy records, and property history requires multiple searches and system access.",historical research take long researching prior violation occupancy record property history requires multiple search system access,negative,-0.5267,-4,historical research take long researching prior violation occupancy record property history requires multiple search system access
DOCE Fire Prevention Bureau,Difficult Certificate Research: Finding previous Certificates of Occupancy and capacity information requires extensive digging.,difficult certificate research finding previous certificate occupancy capacity information requires extensive digging,negative,-0.3612,-5,difficult certificate research finding previous certificate occupancy capacity information requires extensive digging
DOCE Fire Prevention Bureau,Multiple Search Locations: Information exists in several areas of the system.,multiple search location information exists several area system,neutral,0.0,-3,multiple search location information exists several area system
DOCE Fire Prevention Bureau,Parcel Search Limitations: Parcel information must be exact and is difficult to locate.,parcel search limitation parcel information must exact difficult locate,negative,-0.3612,-4,parcel search limitation parcel information must exact difficult locate
DOCE Fire Prevention Bureau,"Multiple Documentation Locations: Users document actions, inspections, photos, and violations in different places.",multiple documentation location user document action inspection photo violation different place,negative,-0.5267,-2,multiple documentation location user document action inspection photo violation different place
DOCE Fire Prevention Bureau,Inconsistent Documentation Practices: Different users store information differently.,inconsistent documentation practice different user store information differently,neutral,0.0,0,inconsistent documentation practice different user store information differently
DOCE Fire Prevention Bureau,Missing Parcel Information: Important parcel data is unavailable or difficult to locate.,missing parcel information important parcel data unavailable difficult locate,negative,-0.4404,-6,missing parcel information important parcel data unavailable difficult locate
DOCE Fire Prevention Bureau,Inactive Parcel Issues: Parcels that are active appear inactive within IPS.,inactive parcel issue parcel active appear inactive within ip,positive,0.4019,-2,inactive parcel issue parcel active appear inactive within ip
DOCE Fire Prevention Bureau,Certificate & Inspection Review Challenges,certificate inspection review challenge,positive,0.0772,0,certificate inspection review challenge
DOCE Fire Prevention Bureau,CofO Sign-Off Process: Reviewing Certificates of Occupancy requires checking multiple locations.,cofo process reviewing certificate occupancy requires checking multiple location,neutral,0.0,-2,cofo process reviewing certificate occupancy requires checking multiple location
DOCE Fire Prevention Bureau,Closed Inspection Visibility: Difficult to locate all completed inspections associated with a project.,closed inspection visibility difficult locate completed inspection associated project,negative,-0.3612,-3,closed inspection visibility difficult locate completed inspection associated project
DOCE Fire Prevention Bureau,Review Tracking Challenges: Tracking inspection and permit review status is cumbersome.,review tracking challenge tracking inspection permit review status cumbersome,positive,0.0772,0,review tracking challenge tracking inspection permit review status cumbersome
DOCE Fire Prevention Bureau,Desktop Dependency: IPS does not function well outside the office.,desktop dependency ip function well outside office,positive,-0.2057,-2,desktop dependency ip function well outside office
DOCE Fire Prevention Bureau,No Effective Mobile Access: Inspectors cannot effectively use IPS in the field.,effective mobile access inspector effectively use ip field,positive,-0.1295,-3,effective mobile access inspector effectively use ip field
DOCE Fire Prevention Bureau,Limited Real-Time Documentation: Inspection information is not easily entered from mobile devices.,limited documentation inspection information easily entered mobile device,positive,-0.4471,-2,limited documentation inspection information easily entered mobile device
DOCE Fire Prevention Bureau,"Too Many Systems: Staff use IPS, Camino, EPR, Compliance Engine, Outlook, spreadsheets, and paper planners.",many system staff use ip camino epr compliance engine outlook spreadsheet paper planner,neutral,0.0,-2,many system staff use ip camino epr compliance engine outlook spreadsheet paper planner
DOCE Fire Prevention Bureau,Weak Integration: Information does not move efficiently between systems.,weak integration information move efficiently system,negative,-0.6319,0,weak integration information move efficiently system
DOCE Fire Prevention Bureau,Manual Coordination: Significant effort is required to coordinate data across platforms.,manual coordination significant effort required coordinate data across platform,positive,0.2023,-3,manual coordination significant effort required coordinate data across platform
DOCE Fire Prevention Bureau,No Built-In Calendar: Camino and EPR lack effective scheduling and calendar functionality.,calendar camino epr lack effective scheduling calendar functionality,positive,-0.1027,0,calendar camino epr lack effective scheduling calendar functionality
DOCE Fire Prevention Bureau,"Multiple Scheduling Systems: Staff use Outlook, ERP, and permit systems (Camino) simultaneously.",multiple scheduling system staff use outlook erp permit system camino simultaneously,neutral,0.0,-2,multiple scheduling system staff use outlook erp permit system camino simultaneously
DOCE Fire Prevention Bureau,Duplicate Scheduling Activities: Inspection scheduling must be maintained in multiple locations.,duplicate scheduling activity inspection scheduling must maintained multiple location,neutral,0.0,-4,duplicate scheduling activity inspection scheduling must maintained multiple location
DOCE Fire Prevention Bureau,"Large Volume of Documentation: Managing plans, inspections, corrections, and approvals is time-consuming.",large volume documentation managing plan inspection correction approval,positive,0.0,0,large volume documentation managing plan inspection correction approval
DOCE Fire Prevention Bureau,Permit Review Tracking: Monitoring project reviews requires manual follow-up.,permit review tracking monitoring project review requires manual,neutral,0.0,-3,permit review tracking monitoring project review requires manual
DOCE Fire Prevention Bureau,Property Identification Issues: Properties with multiple businesses or occupancies are difficult to manage.,property identification issue property multiple business occupancy difficult manage,negative,-0.3612,-7,property identification issue property multiple business occupancy difficult manage
DOCE Fire Prevention Bureau,Address Matching Challenges: Searches require exact addresses.,address matching challenge search require exact address,positive,0.0772,-1,address matching challenge search require exact address
LAW Law,"Incomplete Case Documentation: Legal work cannot proceed when notices, Nail & Mail documentation, photographs, or inspection records have not been uploaded into IPS.",incomplete case documentation legal work proceed notice nail mail documentation photograph inspection record uploaded ip,positive,0.128,-6,incomplete case documentation legal work proceed notice nail mail documentation photograph inspection record uploaded ip
LAW Law,"Underutilized System: IPS is valuable when fully utilized, but inconsistent use by Code Enforcement results in incomplete notes and missing documentation.",underutilized system ip valuable fully utilized inconsistent use code enforcement result incomplete note missing documentation,positive,-0.1901,-6,underutilized system ip valuable fully utilized inconsistent use code enforcement result incomplete note missing documentation
LAW Law,Limited Property Overview: IPS cannot easily combine multiple complaints and violations into a comprehensive property-level view.,limited property overview ip easily combine multiple complaint violation comprehensive view,negative,-0.7927,-7,limited property overview ip easily combine multiple complaint violation comprehensive view
LAW Law,External Data Dependency: Water records require AS400 and tax information requires external systems because they are not integrated into IPS.,external data dependency water record require tax information requires external system integrated ip,neutral,0.0,-2,external data dependency water record require tax information requires external system integrated ip
LAW Law,Limited Document Export: IPS information cannot easily transfer into Microsoft Word for preparing legal documents.,limited document export ip information easily transfer microsoft word preparing legal document,positive,-0.3476,-5,limited document export ip information easily transfer microsoft word preparing legal document
LAW Law,Difficult Record Review: The Action Notes layout makes reviewing case history difficult because information is not presented clearly.,difficult record review action note layout make reviewing case history difficult information presented clearly,negative,-0.7398,-3,difficult record review action note layout make reviewing case history difficult information presented clearly
LAW Law,"Documentation Quality: Court cases are delayed when inspectors do not consistently upload documents, photographs, or complete notes.",documentation quality court case delayed inspector consistently upload document photograph complete note,negative,-0.2263,-2,documentation quality court case delayed inspector consistently upload document photograph complete note
LAW Law,"Manual Legal Research: Ownership, tax, and legal research require multiple external systems including Westlaw, County Clerk, eTax, and AS400",manual legal research ownership tax legal research require multiple external system including westlaw county clerk etax,positive,0.25,-7,manual legal research ownership tax legal research require multiple external system including westlaw county clerk etax
LAW Law,Evidence Collection: Gathering exhibits and supporting documentation requires manual coordination across multiple departments and file repositories.,evidence collection gathering exhibit supporting documentation requires manual coordination across multiple department file repository,positive,0.4404,-5,evidence collection gathering exhibit supporting documentation requires manual coordination across multiple department file repository
LAW Law,Cross-Department Dependencies: Legal work depends on inspectors completing investigations and providing complete documentation before cases can proceed.,dependency legal work depends inspector completing investigation providing complete documentation case proceed,positive,0.128,0,dependency legal work depends inspector completing investigation providing complete documentation case proceed
BAA BAA Ops,Manual Ticket Review: Staff has to open individual cases to determine whether violations or fines exists.,manual ticket review staff open individual case determine whether violation fine exists,negative,-0.5267,-3,manual ticket review staff open individual case determine whether violation fine exists
BAA BAA Ops,Manual Fee Processing: Default fees must be applied individually rather than in bulk.,manual fee processing default fee must applied individually rather bulk,neutral,0.0,-3,manual fee processing default fee must applied individually rather bulk
BAA BAA Ops,Case Note Management: Case notes become difficult to follow when multiple rounds of tickets exist for the same case.,case note management case note become difficult follow multiple round ticket exist case,negative,-0.3612,-5,case note management case note become difficult follow multiple round ticket exist case
BAA BAA Ops,Limited Search Functionality: Not enough filtering options are available when searching addresses and multiple cases.,limited search functionality enough filtering option available searching address multiple case,negative,-0.2263,-5,limited search functionality enough filtering option available searching address multiple case
BAA BAA Ops,Complex Navigation: IPS contains numerous tabs and action buttons that are rarely used.,complex navigation ip contains numerous tab action button rarely used,neutral,0.0,0,complex navigation ip contains numerous tab action button rarely used
BAA BAA Ops,Inspection Information: The inspection tab contains information that BAA Operations staff does not use,inspection information inspection tab contains information baa operation staff use,neutral,0.0,0,inspection information inspection tab contains information baa operation staff use
BAA BAA Ops,Limited Action Options: Additional action and dropdown options are needed for common BAA activities.,limited action option additional action dropdown option needed common baa activity,negative,-0.2263,-2,limited action option additional action dropdown option needed common baa activity
BAA BAA Ops,Manual Document Preparation: Decisions are drafted in Word and converted to PDF before uploading.,manual document preparation decision drafted word converted pdf uploading,neutral,0.0,-3,manual document preparation decision drafted word converted pdf uploading
BAA BAA Ops,Ownership Research: Ownership information requires searching AS400.,ownership research ownership information requires searching,neutral,0.0,-2,ownership research ownership information requires searching
BAA BAA Ops,"Multiple Systems: Daily work requires switching between IPS, Word, Outlook, Foxit, Westlaw, and AS400.",multiple system daily work requires switching ip word outlook foxit westlaw,neutral,0.0,-2,multiple system daily work requires switching ip word outlook foxit westlaw
BAA BAA Ops,Bulk Fee Processing: Allow multiple default fees to be applied at one time.,bulk fee processing allow multiple default fee applied one time,positive,0.2263,-2,bulk fee processing allow multiple default fee applied one time
BAA BAA Ops,Improved Search Capabilities: Provide additional filters for addresses and multiple cases.,improved search capability provide additional filter address multiple case,positive,0.4767,-3,improved search capability provide additional filter address multiple case
BAA BAA Ops,Improved Case Notes: Organize case notes so multiple rounds of tickets are easier to distinguish.,improved case note organize case note multiple round ticket easier distinguish,positive,0.7096,-2,improved case note organize case note multiple round ticket easier distinguish
BAA BAA Ops,Simplified Navigation: Remove unnecessary tabs and action buttons while keeping commonly used functions.,simplified navigation remove unnecessary tab action button keeping commonly used function,neutral,0.0,0,simplified navigation remove unnecessary tab action button keeping commonly used function
BAA BAA Ops,Additional Workflow Actions: Add more dropdown and action options for common BAA tasks.,additional workflow action add dropdown action option common baa task,neutral,0.0,0,additional workflow action add dropdown action option common baa task
BAA BAA Ops,Improved Ticket Visibility: Show cases with open violations or fines without opening each individual record.,improved ticket visibility show case open violation fine without opening individual record,positive,-0.0772,0,improved ticket visibility show case open violation fine without opening individual record
BAA BAA Ops,Improved Document Workflow: Reduce manual editing and PDF conversion when preparing decisions.,improved document workflow reduce manual editing pdf conversion preparing decision,positive,0.4767,-3,improved document workflow reduce manual editing pdf conversion preparing decision
BAA BAA Ops,Better Organization: Make IPS cleaner and more organized for day-to-day processing.,better organization make ip cleaner organized processing,positive,0.5574,0,better organization make ip cleaner organized processing
DOCE Housing Inspectors,System Freezing: IPS frequently freezes or experiences loading delays.,system freezing ip frequently freeze experience loading delay,negative,-0.128,-2,system freezing ip frequently freeze experience loading delay
DOCE Housing Inspectors,Slow Performance: Opening cases and completing actions can be slow.,slow performance opening case completing action slow,neutral,0.0,-2,slow performance opening case completing action slow
DOCE Housing Inspectors,System Shutdowns: IPS occasionally requires restarts or intervention to function properly.,system shutdown ip occasionally requires restarts intervention function properly,neutral,0.0,0,system shutdown ip occasionally requires restarts intervention function properly
DOCE Housing Inspectors,Remote Access Issues: Difficulties connecting to IPS remotely from the field.,remote access issue difficulty connecting ip remotely field,negative,-0.296,-5,remote access issue difficulty connecting ip remotely field
DOCE Housing Inspectors,No Global Case View: Difficult to review all active and closed cases associated with a property.,global case view difficult review active closed case associated property,positive,-0.25,-3,global case view difficult review active closed case associated property
DOCE Housing Inspectors,Case Navigation Complexity: Navigating cases requires extensive system knowledge and experience.,case navigation complexity navigating case requires extensive system knowledge experience,neutral,0.0,0,case navigation complexity navigating case requires extensive system knowledge experience
DOCE Housing Inspectors,Too Many Actions: Large numbers of actions and dropdown options create inefficiencies.,many action large number action dropdown option create inefficiency,positive,0.2732,0,many action large number action dropdown option create inefficiency
DOCE Housing Inspectors,"No Case Categorization: Cases cannot easily be categorized by status such as drive-by inspections, waiting on owners, or follow-up activities.",case categorization case easily categorized status inspection waiting owner activity,positive,-0.5,-3,case categorization case easily categorized status inspection waiting owner activity
DOCE Housing Inspectors,No Automated Case Monitoring: Difficult to identify cases lacking inspection dates or pending reviews.,automated case monitoring difficult identify case lacking inspection date pending review,negative,-0.5719,-3,automated case monitoring difficult identify case lacking inspection date pending review
DOCE Housing Inspectors,Ownership / Property Research,ownership property research,neutral,0.0,-2,ownership property research
DOCE Housing Inspectors,Ownership Information Issues: Ownership information is not always updated consistently.,ownership information issue ownership information always updated consistently,neutral,0.0,-2,ownership information issue ownership information always updated consistently
DOCE Housing Inspectors,Address Management Problems: Address changes do not automatically update across all cases.,address management problem address change automatically update across case,negative,-0.4019,-2,address management problem address change automatically update across case
DOCE Housing Inspectors,No Unified Address Book: Property and ownership information can vary between systems.,unified address book property ownership information vary system,positive,0.1027,0,unified address book property ownership information vary system
DOCE Housing Inspectors,Lead Map Accessibility: Lead-risk information is not readily available within cases.,lead map accessibility information readily available within case,neutral,0.0,0,lead map accessibility information readily available within case
DOCE Housing Inspectors,Limited Water Information Access: Water records are not available directly in IPS.,limited water information access water record available directly ip,negative,-0.2263,-2,limited water information access water record available directly ip
DOCE Housing Inspectors,Information Fragmentation: Important information exists in multiple systems and locations.,information fragmentation important information exists multiple system location,positive,0.2023,-2,information fragmentation important information exists multiple system location
DOCE Housing Inspectors,Limited Field Access: Inspectors cannot fully access or update IPS while in the field.,limited field access inspector fully access update ip field,negative,-0.2263,-5,limited field access inspector fully access update ip field
DOCE Housing Inspectors,Photo Upload Process: Uploading and organizing photos is cumbersome.,photo upload process uploading organizing photo cumbersome,neutral,0.0,0,photo upload process uploading organizing photo cumbersome
DOCE Housing Inspectors,No Mobile Workflow: Inspectors must often return to the office to complete documentation.,mobile workflow inspector must often return office complete documentation,neutral,-0.296,0,mobile workflow inspector must often return office complete documentation
DOCE Housing Inspectors,No Laptop Access: Limited ability to update cases during inspections.,laptop access limited ability update case inspection,positive,-0.2023,-2,laptop access limited ability update case inspection
DOCE Housing Inspectors,"Too Many Systems: Inspectors must use IPS, AS400, GIS, Outlook, Dropbox, spreadsheets, lead maps, and external databases.",many system inspector must use ip gi outlook dropbox spreadsheet lead map external database,neutral,0.0,0,many system inspector must use ip gi outlook dropbox spreadsheet lead map external database
DOCE Housing Inspectors,"Repeated Research: Ownership, water, and lead information require separate searches.",repeated research ownership water lead information require separate search,neutral,0.0,-2,repeated research ownership water lead information require separate search
DOCE Housing Inspectors,No Single Source of Truth: Property information is spread across multiple applications.,single source truth property information spread across multiple application,positive,0.0258,-2,single source truth property information spread across multiple application
DOCE Housing Inspectors,Shared Data Issues: Information entered by multiple users can create delays or confusion.,shared data issue information entered multiple user create delay confusion,neutral,0.3182,-6,shared data issue information entered multiple user create delay confusion
DOCE Housing Inspectors,Address Updates: Address corrections are not consistently communicated throughout systems.,address update address correction consistently communicated throughout system,neutral,0.0,0,address update address correction consistently communicated throughout system
DOCE Housing Inspectors,Manual Tracking: Inspectors maintain spreadsheets and notes to manage workloads.,manual tracking inspector maintain spreadsheet note manage workload,neutral,0.0,-3,manual tracking inspector maintain spreadsheet note manage workload
DOCE Housing Inspectors,Lead Map Verification: Frequent manual checking of lead maps.,lead map verification frequent manual checking lead map,neutral,0.0,-3,lead map verification frequent manual checking lead map
DOCE Housing Inspectors,Violation Entry Delays: Simultaneous data entry can slow violation processing.,violation entry delay simultaneous data entry slow violation processing,negative,-0.7506,-4,violation entry delay simultaneous data entry slow violation processing
DOCE Housing Inspectors,Large Dropdown Lists: Long dropdown menus make data entry inefficient.,large dropdown list long dropdown menu make data entry inefficient,neutral,0.0,0,large dropdown list long dropdown menu make data entry inefficient
DOCE Housing Inspectors,Case Organization Difficulties: Difficult to distinguish between different case types and statuses.,case organization difficulty difficult distinguish different case type status,negative,-0.5719,-3,case organization difficulty difficult distinguish different case type status
